<?xml version="1.0" ?>
<PropertySetDef xmlns:xsi="http://www.w3.org/2001/XMLSchema-instance" xmlns:xsd="http://www.w3.org/2001/XMLSchema" templatetype="PSET_TYPEDRIVENOVERRIDE" xsi:noNamespaceSchemaLocation="http://buildingSMART-tech.org/xml/psd/PSD_IFC4.xsd">
  <IfcVersion version="IFC4X3_ADD2"/>
  <Name>Pset_EmbeddedTrack</Name>
  <Definition>Properties for track slab that have embedded tracks recessed into road surface.</Definition>
  <Applicability/>
  <ApplicableClasses>
    <ClassName>IfcSlab/TRACKSLAB</ClassName>
    <ClassName>IfcSlabType/TRACKSLAB</ClassName>
  </ApplicableClasses>
  <ApplicableTypeValue>IfcSlab/TRACKSLAB,IfcSlabType/TRACKSLAB</ApplicableTypeValue>
  <PropertyDefs>
    <PropertyDef>
      <Name>IsAccessibleByVehicle</Name>
      <Definition>Indicates whether the element is accessible by a vehicle or not.</Definition>
      <PropertyType>
        <TypePropertySingleValue>
          <DataType type="IfcBoolean"/>
        </TypePropertySingleValue>
      </PropertyType>
    </PropertyDef>
    <PropertyDef>
      <Name>HasDrainage</Name>
      <Definition>Indicates whether the infrastructure element has drainage embedded or not.</Definition>
      <PropertyType>
        <TypePropertySingleValue>
          <DataType type="IfcBoolean"/>
        </TypePropertySingleValue>
      </PropertyType>
    </PropertyDef>
    <PropertyDef>
      <Name>PermissibleRoadLoad</Name>
      <Definition>Permissible traffic load for the road design.</Definition>
      <PropertyType>
        <TypePropertySingleValue>
          <DataType type="IfcMassMeasure"/>
        </TypePropertySingleValue>
      </PropertyType>
    </PropertyDef>
  </PropertyDefs>
</PropertySetDef>
