<?xml version="1.0" ?>
<PropertySetDef xmlns:xsi="http://www.w3.org/2001/XMLSchema-instance" xmlns:xsd="http://www.w3.org/2001/XMLSchema" templatetype="PSET_OCCURRENCEDRIVEN" xsi:noNamespaceSchemaLocation="http://buildingSMART-tech.org/xml/psd/PSD_IFC4.xsd">
  <IfcVersion version="IFC4X3_ADD2"/>
  <Name>Pset_BuildingCommon</Name>
  <Definition>Properties common to the definition of all instances of IfcBuilding. Please note that several building attributes are handled directly at the IfcBuilding instance, the building number (or short name) by IfcBuilding.Name, the building name (or long name) by IfcBuilding.LongName, and the description (or comments) by IfcBuilding.Description. Actual building quantities, like building perimeter, building area and building volume are provided by IfcElementQuantity, and the building classification according to national building code by IfcClassificationReference.</Definition>
  <Applicability/>
  <ApplicableClasses>
    <ClassName>IfcBuilding</ClassName>
  </ApplicableClasses>
  <ApplicableTypeValue>IfcBuilding</ApplicableTypeValue>
  <PropertyDefs>
    <PropertyDef>
      <Name>Reference</Name>
      <Definition>Reference ID for this specified type in this project (e.g. type 'A-1'), Also referred to as &quot;construction type&quot;. It should be provided as an alternative to the name of the &quot;object type&quot;, if the software does not support object types and no classification reference to a recognized classification system used.IFC4.3.0.0 DEPRECATION  The Reference property is deprecated and shall no longer be used, use attribute Name on the relating type instead.</Definition>
      <PropertyType>
        <TypePropertySingleValue>
          <DataType type="IfcIdentifier"/>
        </TypePropertySingleValue>
      </PropertyType>
    </PropertyDef>
    <PropertyDef>
      <Name>BuildingID</Name>
      <Definition>A unique identifier assigned to a building. A temporary identifier is initially assigned at the time of making a planning application. This temporary identifier is changed to a permanent identifier when the building is registered into a statutory buildings and properties database.</Definition>
      <PropertyType>
        <TypePropertySingleValue>
          <DataType type="IfcIdentifier"/>
        </TypePropertySingleValue>
      </PropertyType>
    </PropertyDef>
    <PropertyDef>
      <Name>IsPermanentID</Name>
      <Definition>Indicates whether the identity assigned to the object is permanent (= TRUE) or temporary (=FALSE).</Definition>
      <PropertyType>
        <TypePropertySingleValue>
          <DataType type="IfcBoolean"/>
        </TypePropertySingleValue>
      </PropertyType>
    </PropertyDef>
    <PropertyDef>
      <Name>ConstructionMethod</Name>
      <Definition>The type of construction action to the object, e.g. new construction, renovation, refurbishment, etc.</Definition>
      <PropertyType>
        <TypePropertySingleValue>
          <DataType type="IfcLabel"/>
        </TypePropertySingleValue>
      </PropertyType>
    </PropertyDef>
    <PropertyDef>
      <Name>FireProtectionClass</Name>
      <Definition>Main fire protection class for the building which is assigned from the fire protection classification table as given by the relevant national building code.</Definition>
      <PropertyType>
        <TypePropertySingleValue>
          <DataType type="IfcLabel"/>
        </TypePropertySingleValue>
      </PropertyType>
    </PropertyDef>
    <PropertyDef>
      <Name>SprinklerProtection</Name>
      <Definition>Indication whether this object is sprinkler protected (TRUE) or not (FALSE).</Definition>
      <PropertyType>
        <TypePropertySingleValue>
          <DataType type="IfcBoolean"/>
        </TypePropertySingleValue>
      </PropertyType>
    </PropertyDef>
    <PropertyDef>
      <Name>SprinklerProtectionAutomatic</Name>
      <Definition>Indication whether this object has an automatic sprinkler protection (TRUE) or not (FALSE).
It should only be given, if the property &quot;SprinklerProtection&quot; is set to TRUE.</Definition>
      <PropertyType>
        <TypePropertySingleValue>
          <DataType type="IfcBoolean"/>
        </TypePropertySingleValue>
      </PropertyType>
    </PropertyDef>
    <PropertyDef>
      <Name>OccupancyType</Name>
      <Definition>Occupancy type for this object.
It is defined according to the presiding national building code.</Definition>
      <PropertyType>
        <TypePropertySingleValue>
          <DataType type="IfcLabel"/>
        </TypePropertySingleValue>
      </PropertyType>
    </PropertyDef>
    <PropertyDef>
      <Name>GrossPlannedArea</Name>
      <Definition>Total planned gross area of the spatial structure element. Used for programming the spatial structure element.</Definition>
      <PropertyType>
        <TypePropertySingleValue>
          <DataType type="IfcAreaMeasure"/>
        </TypePropertySingleValue>
      </PropertyType>
    </PropertyDef>
    <PropertyDef>
      <Name>NetPlannedArea</Name>
      <Definition>Total planned net area of the object. Used for programming the object.</Definition>
      <PropertyType>
        <TypePropertySingleValue>
          <DataType type="IfcAreaMeasure"/>
        </TypePropertySingleValue>
      </PropertyType>
    </PropertyDef>
    <PropertyDef>
      <Name>NumberOfStoreys</Name>
      <Definition>The number of storeys within a building.
Captured for those cases where the IfcBuildingStorey entity is not used. Note that if IfcBuildingStorey is asserted and the number of storeys in a building can be determined from it, then this approach should be used in preference to setting a property for the number of storeys.</Definition>
      <PropertyType>
        <TypePropertySingleValue>
          <DataType type="IfcCountMeasure"/>
        </TypePropertySingleValue>
      </PropertyType>
    </PropertyDef>
    <PropertyDef>
      <Name>YearOfConstruction</Name>
      <Definition>Year of construction of this building, including expected year of completion.</Definition>
      <PropertyType>
        <TypePropertySingleValue>
          <DataType type="IfcLabel"/>
        </TypePropertySingleValue>
      </PropertyType>
    </PropertyDef>
    <PropertyDef>
      <Name>YearOfLastRefurbishment</Name>
      <Definition>Year of last major refurbishment, or reconstruction, of the building (applies to reconstruction works).</Definition>
      <PropertyType>
        <TypePropertySingleValue>
          <DataType type="IfcLabel"/>
        </TypePropertySingleValue>
      </PropertyType>
    </PropertyDef>
    <PropertyDef>
      <Name>IsLandmarked</Name>
      <Definition>This builing is listed as a historic building (TRUE), or not (FALSE), or unknown.</Definition>
      <PropertyType>
        <TypePropertySingleValue>
          <DataType type="IfcLogical"/>
        </TypePropertySingleValue>
      </PropertyType>
    </PropertyDef>
    <PropertyDef>
      <Name>ElevationOfRefHeight</Name>
      <Definition>Elevation above sea level of the reference height used for all storey elevation measures, equals to height 0.0. It is usually the ground floor level.</Definition>
      <PropertyType>
        <TypePropertySingleValue>
          <DataType type="IfcLengthMeasure"/>
        </TypePropertySingleValue>
      </PropertyType>
    </PropertyDef>
    <PropertyDef>
      <Name>ElevationOfTerrain</Name>
      <Definition>Elevation above the minimal terrain level around the foot print of the building, given in elevation above sea level.</Definition>
      <PropertyType>
        <TypePropertySingleValue>
          <DataType type="IfcLengthMeasure"/>
        </TypePropertySingleValue>
      </PropertyType>
    </PropertyDef>
  </PropertyDefs>
</PropertySetDef>
