<?xml version="1.0" ?>
<PropertySetDef xmlns:xsi="http://www.w3.org/2001/XMLSchema-instance" xmlns:xsd="http://www.w3.org/2001/XMLSchema" templatetype="PSET_TYPEDRIVENOVERRIDE" xsi:noNamespaceSchemaLocation="http://buildingSMART-tech.org/xml/psd/PSD_IFC4.xsd">
  <IfcVersion version="IFC4X3_ADD2"/>
  <Name>Pset_ProtectiveDeviceTrippingUnitTypeThermal</Name>
  <Definition>Information on tripping units that are thermally tripped.</Definition>
  <Applicability/>
  <ApplicableClasses>
    <ClassName>IfcProtectiveDeviceTrippingUnit/THERMAL</ClassName>
    <ClassName>IfcProtectiveDeviceTrippingUnitType/THERMAL</ClassName>
  </ApplicableClasses>
  <ApplicableTypeValue>IfcProtectiveDeviceTrippingUnit/THERMAL,IfcProtectiveDeviceTrippingUnitType/THERMAL</ApplicableTypeValue>
  <PropertyDefs>
    <PropertyDef>
      <Name>ThermalTrippingUnitType</Name>
      <Definition>A list of the available types of thermal tripping unit  from which that required may be selected.</Definition>
      <PropertyType>
        <TypePropertyEnumeratedValue>
          <EnumList name="PEnum_ThermalTrippingUnitType">
            <EnumItem>DIAZED</EnumItem>
            <EnumItem>MINIZED</EnumItem>
            <EnumItem>NEOZED</EnumItem>
            <EnumItem>NH_FUSE</EnumItem>
            <EnumItem>OTHER</EnumItem>
            <EnumItem>NOTKNOWN</EnumItem>
            <EnumItem>UNSET</EnumItem>
          </EnumList>
        </TypePropertyEnumeratedValue>
      </PropertyType>
    </PropertyDef>
    <PropertyDef>
      <Name>I1</Name>
      <Definition>The (thermal) lower testing current limit in [x In], indicating that for currents lower than I1, the tripping time shall be longer than the associated tripping time, T2.</Definition>
      <PropertyType>
        <TypePropertySingleValue>
          <DataType type="IfcReal"/>
        </TypePropertySingleValue>
      </PropertyType>
    </PropertyDef>
    <PropertyDef>
      <Name>I2</Name>
      <Definition>The (thermal) upper testing current limit in [x In], indicating that for currents larger than I2, the tripping time shall be shorter than the associated tripping time, T2.</Definition>
      <PropertyType>
        <TypePropertySingleValue>
          <DataType type="IfcReal"/>
        </TypePropertySingleValue>
      </PropertyType>
    </PropertyDef>
    <PropertyDef>
      <Name>T2</Name>
      <Definition>The (thermal) testing time in [s] associated with the testing currents I1 and I2.</Definition>
      <PropertyType>
        <TypePropertySingleValue>
          <DataType type="IfcTimeMeasure"/>
        </TypePropertySingleValue>
      </PropertyType>
    </PropertyDef>
    <PropertyDef>
      <Name>DefinedTemperature</Name>
      <Definition>The ambient temperature at which the thermal current/time-curve associated with this protection device is defined.</Definition>
      <PropertyType>
        <TypePropertySingleValue>
          <DataType type="IfcThermodynamicTemperatureMeasure"/>
        </TypePropertySingleValue>
      </PropertyType>
    </PropertyDef>
    <PropertyDef>
      <Name>TemperatureFactor</Name>
      <Definition>The correction factor (typically measured as %/deg K) for adjusting the thermal current/time to an ambient temperature different from the value given by the defined temperature.</Definition>
      <PropertyType>
        <TypePropertySingleValue>
          <DataType type="IfcRatioMeasure"/>
        </TypePropertySingleValue>
      </PropertyType>
    </PropertyDef>
    <PropertyDef>
      <Name>CurveDesignation</Name>
      <Definition>The designation of the trippingcurve given by the manufacturer. For a MCB the designation should be in accordance with the designations given in IEC 60898.</Definition>
      <PropertyType>
        <TypePropertySingleValue>
          <DataType type="IfcLabel"/>
        </TypePropertySingleValue>
      </PropertyType>
    </PropertyDef>
  </PropertyDefs>
</PropertySetDef>
