<?xml version="1.0" ?>
<PropertySetDef xmlns:xsi="http://www.w3.org/2001/XMLSchema-instance" xmlns:xsd="http://www.w3.org/2001/XMLSchema" templatetype="PSET_MATERIALDRIVEN" xsi:noNamespaceSchemaLocation="http://buildingSMART-tech.org/xml/psd/PSD_IFC4.xsd">
  <IfcVersion version="IFC4X3_ADD2"/>
  <Name>Pset_MaterialOptical</Name>
  <Definition>A set of optical properties of materials.</Definition>
  <Applicability/>
  <ApplicableClasses>
    <ClassName>IfcMaterial</ClassName>
  </ApplicableClasses>
  <ApplicableTypeValue>IfcMaterial</ApplicableTypeValue>
  <PropertyDefs>
    <PropertyDef>
      <Name>VisibleTransmittance</Name>
      <Definition>Transmittance at normal incidence (visible). Defines the fraction of the visible spectrum of solar radiation that passes through per unit area, perpendicular to the surface.</Definition>
      <PropertyType>
        <TypePropertySingleValue>
          <DataType type="IfcNormalisedRatioMeasure"/>
        </TypePropertySingleValue>
      </PropertyType>
    </PropertyDef>
    <PropertyDef>
      <Name>SolarTransmittance</Name>
      <Definition>The ratio of incident solar radiation that directly passes through a system (also named τe). Note the following equation Asol + Rsol + Tsol = 1</Definition>
      <PropertyType>
        <TypePropertySingleValue>
          <DataType type="IfcNormalisedRatioMeasure"/>
        </TypePropertySingleValue>
      </PropertyType>
    </PropertyDef>
    <PropertyDef>
      <Name>ThermalIrTransmittance</Name>
      <Definition>Thermal IR transmittance at normal incidence. Defines the fraction of thermal energy that passes through per unit area, perpendicular to the surface.</Definition>
      <PropertyType>
        <TypePropertySingleValue>
          <DataType type="IfcNormalisedRatioMeasure"/>
        </TypePropertySingleValue>
      </PropertyType>
    </PropertyDef>
    <PropertyDef>
      <Name>ThermalIrEmissivityBack</Name>
      <Definition>Thermal IR emissivity: back side. Defines the fraction of thermal energy emitted per unit area to &quot;blackbody&quot; at the same temperature, through the &quot;back&quot; side of the material.</Definition>
      <PropertyType>
        <TypePropertySingleValue>
          <DataType type="IfcNormalisedRatioMeasure"/>
        </TypePropertySingleValue>
      </PropertyType>
    </PropertyDef>
    <PropertyDef>
      <Name>ThermalIrEmissivityFront</Name>
      <Definition>Thermal IR emissivity: front side. Defines the fraction of thermal energy emitted per unit area to &quot;blackbody&quot; at the same temperature, through the &quot;front&quot; side of the material.</Definition>
      <PropertyType>
        <TypePropertySingleValue>
          <DataType type="IfcNormalisedRatioMeasure"/>
        </TypePropertySingleValue>
      </PropertyType>
    </PropertyDef>
    <PropertyDef>
      <Name>VisibleReflectanceBack</Name>
      <Definition>Reflectance at normal incidence (visible): back side. Defines the fraction of the solar ray in the visible spectrum that is reflected and not transmitted when the ray passes from one medium into another, at the &quot;back&quot; side of the other material, perpendicular to the surface. Dependent on material and surface characteristics.</Definition>
      <PropertyType>
        <TypePropertySingleValue>
          <DataType type="IfcNormalisedRatioMeasure"/>
        </TypePropertySingleValue>
      </PropertyType>
    </PropertyDef>
    <PropertyDef>
      <Name>VisibleReflectanceFront</Name>
      <Definition>Reflectance at normal incidence (visible): front side. Defines the fraction of the solar ray in the visible spectrum that is reflected and not transmitted when the ray passes from one medium into another, at the &quot;front&quot; side of the other material, perpendicular to the surface. Dependent on material and surface characteristics.</Definition>
      <PropertyType>
        <TypePropertySingleValue>
          <DataType type="IfcNormalisedRatioMeasure"/>
        </TypePropertySingleValue>
      </PropertyType>
    </PropertyDef>
    <PropertyDef>
      <Name>SolarReflectanceBack</Name>
      <Definition>Reflectance at normal incidence (solar): back side. Defines the fraction of the solar ray that is reflected and not transmitted when the ray passes from one medium into another, at the &quot;back&quot; side of the other material, perpendicular to the surface. Dependent on material and surface characteristics.</Definition>
      <PropertyType>
        <TypePropertySingleValue>
          <DataType type="IfcNormalisedRatioMeasure"/>
        </TypePropertySingleValue>
      </PropertyType>
    </PropertyDef>
    <PropertyDef>
      <Name>SolarReflectanceFront</Name>
      <Definition>Reflectance at normal incidence (solar): front side. Defines the fraction of the solar ray that is reflected and not transmitted when the ray passes from one medium into another, at the &quot;front&quot; side of the other material, perpendicular to the surface. Dependent on material and surface characteristics.</Definition>
      <PropertyType>
        <TypePropertySingleValue>
          <DataType type="IfcNormalisedRatioMeasure"/>
        </TypePropertySingleValue>
      </PropertyType>
    </PropertyDef>
  </PropertyDefs>
</PropertySetDef>
