<?xml version="1.0" ?>
<PropertySetDef xmlns:xsi="http://www.w3.org/2001/XMLSchema-instance" xmlns:xsd="http://www.w3.org/2001/XMLSchema" templatetype="PSET_TYPEDRIVENOVERRIDE" xsi:noNamespaceSchemaLocation="http://buildingSMART-tech.org/xml/psd/PSD_IFC4.xsd">
  <IfcVersion version="IFC4X3_ADD2"/>
  <Name>Pset_DistributionBoardTypeDispatchingBoard</Name>
  <Definition>Properties for IfcDistributionBoard with PredefinedType DISPATCHINGBOARD.</Definition>
  <Applicability/>
  <ApplicableClasses>
    <ClassName>IfcDistributionBoard/DISPATCHINGBOARD</ClassName>
    <ClassName>IfcDistributionBoardType/DISPATCHINGBOARD</ClassName>
  </ApplicableClasses>
  <ApplicableTypeValue>IfcDistributionBoard/DISPATCHINGBOARD,IfcDistributionBoardType/DISPATCHINGBOARD</ApplicableTypeValue>
  <PropertyDefs>
    <PropertyDef>
      <Name>NumberOfInterfaces</Name>
      <Definition>Indicates the types of interfaces and their number in the device.</Definition>
      <PropertyType>
        <TypePropertyTableValue>
          <Expression/>
          <DefiningValue>
            <DataType type="IfcLabel"/>
          </DefiningValue>
          <DefinedValue>
            <DataType type="IfcInteger"/>
          </DefinedValue>
        </TypePropertyTableValue>
      </PropertyType>
    </PropertyDef>
    <PropertyDef>
      <Name>DispatchingBoardType</Name>
      <Definition>Indicates the type of dispatching board.</Definition>
      <PropertyType>
        <TypePropertyEnumeratedValue>
          <EnumList name="PEnum_DispatchingBoardType">
            <EnumItem>CENTER</EnumItem>
            <EnumItem>STATION</EnumItem>
            <EnumItem>OTHER</EnumItem>
            <EnumItem>NOTKNOWN</EnumItem>
            <EnumItem>UNSET</EnumItem>
          </EnumList>
        </TypePropertyEnumeratedValue>
      </PropertyType>
    </PropertyDef>
  </PropertyDefs>
</PropertySetDef>
