<?xml version="1.0" ?>
<PropertySetDef xmlns:xsi="http://www.w3.org/2001/XMLSchema-instance" xmlns:xsd="http://www.w3.org/2001/XMLSchema" templatetype="PSET_PERFORMANCEDRIVEN" xsi:noNamespaceSchemaLocation="http://buildingSMART-tech.org/xml/psd/PSD_IFC4.xsd">
  <IfcVersion version="IFC4X3_ADD2"/>
  <Name>Pset_DistributionPortPHistoryDuct</Name>
  <Definition>Fluid flow performance history attached to an instance of IfcPerformanceHistory assigned to IfcDistributionPort.  This replaces the deprecated IfcFluidFlowProperties for performance values.</Definition>
  <Applicability/>
  <ApplicableClasses>
    <ClassName>IfcDistributionPort/DUCT</ClassName>
  </ApplicableClasses>
  <ApplicableTypeValue>IfcDistributionPort/DUCT</ApplicableTypeValue>
  <PropertyDefs>
    <PropertyDef>
      <Name>TemperatureHistory</Name>
      <Definition>Temperature of the fluid. For air this value represents the dry bulb temperature.</Definition>
      <PropertyType>
        <TypePropertyReferenceValue reftype="IfcTimeSeries"/>
      </PropertyType>
    </PropertyDef>
    <PropertyDef>
      <Name>WetBulbTemperatureHistory</Name>
      <Definition>Wet bulb temperature of the fluid; only applicable if the fluid is air.</Definition>
      <PropertyType>
        <TypePropertyReferenceValue reftype="IfcTimeSeries"/>
      </PropertyType>
    </PropertyDef>
    <PropertyDef>
      <Name>VolumetricFlowRateHistory</Name>
      <Definition>The volumetric flow rate of the fluid.</Definition>
      <PropertyType>
        <TypePropertyReferenceValue reftype="IfcTimeSeries"/>
      </PropertyType>
    </PropertyDef>
    <PropertyDef>
      <Name>MassFlowRateHistory</Name>
      <Definition>The mass flow rate of the fluid.</Definition>
      <PropertyType>
        <TypePropertyReferenceValue reftype="IfcTimeSeries"/>
      </PropertyType>
    </PropertyDef>
    <PropertyDef>
      <Name>FlowConditionHistory</Name>
      <Definition>Defines the flow condition as a percentage of the cross-sectional area.</Definition>
      <PropertyType>
        <TypePropertyReferenceValue reftype="IfcTimeSeries"/>
      </PropertyType>
    </PropertyDef>
    <PropertyDef>
      <Name>VelocityHistory</Name>
      <Definition>The velocity of the fluid.</Definition>
      <PropertyType>
        <TypePropertyReferenceValue reftype="IfcTimeSeries"/>
      </PropertyType>
    </PropertyDef>
    <PropertyDef>
      <Name>PressureHisotry</Name>
      <Definition>The pressure of the fluid.</Definition>
      <PropertyType>
        <TypePropertyReferenceValue reftype="IfcTimeSeries"/>
      </PropertyType>
    </PropertyDef>
  </PropertyDefs>
</PropertySetDef>
