<?xml version="1.0" ?>
<PropertySetDef xmlns:xsi="http://www.w3.org/2001/XMLSchema-instance" xmlns:xsd="http://www.w3.org/2001/XMLSchema" templatetype="PSET_TYPEDRIVENOVERRIDE" xsi:noNamespaceSchemaLocation="http://buildingSMART-tech.org/xml/psd/PSD_IFC4.xsd">
  <IfcVersion version="IFC4X3_ADD2"/>
  <Name>Pset_ElectricalDeviceCommon</Name>
  <Definition>A collection of properties that are commonly used by electrical device types.</Definition>
  <Applicability/>
  <ApplicableClasses>
    <ClassName>IfcDistributionElement</ClassName>
    <ClassName>IfcDistributionElementType</ClassName>
  </ApplicableClasses>
  <ApplicableTypeValue>IfcDistributionElement,IfcDistributionElementType</ApplicableTypeValue>
  <PropertyDefs>
    <PropertyDef>
      <Name>RatedCurrent</Name>
      <Definition>The current that a device is designed to handle.</Definition>
      <PropertyType>
        <TypePropertyBoundedValue>
          <DataType type="IfcElectricCurrentMeasure"/>
        </TypePropertyBoundedValue>
      </PropertyType>
    </PropertyDef>
    <PropertyDef>
      <Name>RatedVoltage</Name>
      <Definition>The range of allowed voltage that a device is certified to handle. The upper bound of this value is the maximum.</Definition>
      <PropertyType>
        <TypePropertyBoundedValue>
          <DataType type="IfcElectricVoltageMeasure"/>
        </TypePropertyBoundedValue>
      </PropertyType>
    </PropertyDef>
    <PropertyDef>
      <Name>NominalFrequencyRange</Name>
      <Definition>The upper and lower limits of frequency for which the operation of the device is certified.</Definition>
      <PropertyType>
        <TypePropertyBoundedValue>
          <DataType type="IfcFrequencyMeasure"/>
        </TypePropertyBoundedValue>
      </PropertyType>
    </PropertyDef>
    <PropertyDef>
      <Name>PowerFactor</Name>
      <Definition>Power factor; usually as ratio.

The ratio between the rated electrical power and the product of the rated current and rated voltage</Definition>
      <PropertyType>
        <TypePropertySingleValue>
          <DataType type="IfcNormalisedRatioMeasure"/>
        </TypePropertySingleValue>
      </PropertyType>
    </PropertyDef>
    <PropertyDef>
      <Name>ConductorFunction</Name>
      <Definition>Indicates function of the conductors to which the load is connected. Where L1, L2 and L3 represent the phase lines according to IEC 60446 notation (sometimes phase lines may be referenced by color [Red, Blue, Yellow] or by number [1, 2, 3] etc). Protective Earth is sometimes also known as CPC or common protective conductor. Note that for an electrical device, a set of line conductor functions may be applied.</Definition>
      <PropertyType>
        <TypePropertyEnumeratedValue>
          <EnumList name="PEnum_ConductorFunctionEnum">
            <EnumItem>NEUTRAL</EnumItem>
            <EnumItem>PHASE_L1</EnumItem>
            <EnumItem>PHASE_L2</EnumItem>
            <EnumItem>PHASE_L3</EnumItem>
            <EnumItem>PROTECTIVEEARTH</EnumItem>
            <EnumItem>PROTECTIVEEARTHNEUTRAL</EnumItem>
            <EnumItem>OTHER</EnumItem>
            <EnumItem>NOTKNOWN</EnumItem>
            <EnumItem>UNSET</EnumItem>
          </EnumList>
        </TypePropertyEnumeratedValue>
      </PropertyType>
    </PropertyDef>
    <PropertyDef>
      <Name>NumberOfPoles</Name>
      <Definition>Number of poles that the object would affect.

The number of live lines that is intended to be handled by the device.</Definition>
      <PropertyType>
        <TypePropertySingleValue>
          <DataType type="IfcCountMeasure"/>
        </TypePropertySingleValue>
      </PropertyType>
    </PropertyDef>
    <PropertyDef>
      <Name>HasProtectiveEarth</Name>
      <Definition>Indicates whether the object has a protective earth connection (=TRUE) or not (= FALSE).</Definition>
      <PropertyType>
        <TypePropertySingleValue>
          <DataType type="IfcBoolean"/>
        </TypePropertySingleValue>
      </PropertyType>
    </PropertyDef>
    <PropertyDef>
      <Name>InsulationStandardClass</Name>
      <Definition>Insulation standard classes provides basic protection information against electric shock. Defines levels of insulation required in terms of constructional requirements (creepage and clearance distances) and electrical requirements (compliance with electric strength tests). Basic insulation is considered to be shorted under single fault conditions. The actual values required depend on the working voltage to which the insulation is subjected, as well as other factors. Also indicates whether the electrical device has a protective earth connection.</Definition>
      <PropertyType>
        <TypePropertyEnumeratedValue>
          <EnumList name="PEnum_InsulationStandardClass">
            <EnumItem>CLASS0APPLIANCE</EnumItem>
            <EnumItem>CLASS0IAPPLIANCE</EnumItem>
            <EnumItem>CLASSIAPPLIANCE</EnumItem>
            <EnumItem>CLASSIIAPPLIANCE</EnumItem>
            <EnumItem>CLASSIIIAPPLIANCE</EnumItem>
            <EnumItem>OTHER</EnumItem>
            <EnumItem>NOTKNOWN</EnumItem>
            <EnumItem>UNSET</EnumItem>
          </EnumList>
        </TypePropertyEnumeratedValue>
      </PropertyType>
    </PropertyDef>
    <PropertyDef>
      <Name>IP_Code</Name>
      <Definition>IP Code, the International Protection Marking, IEC 60529), classifies and rates the degree of protection provided against intrusion.</Definition>
      <PropertyType>
        <TypePropertySingleValue>
          <DataType type="IfcLabel"/>
        </TypePropertySingleValue>
      </PropertyType>
    </PropertyDef>
    <PropertyDef>
      <Name>IK_Code</Name>
      <Definition>IK Code according to IEC 62262 (2002) is a numeric classification for the degree of protection provided by enclosures for electrical equipment against external mechanical impacts.NOTE  In earlier labeling, the third numeral (1..) had been occasionally added to the closely related IP Code on ingress protection, to indicate the level of impact protection.</Definition>
      <PropertyType>
        <TypePropertySingleValue>
          <DataType type="IfcLabel"/>
        </TypePropertySingleValue>
      </PropertyType>
    </PropertyDef>
    <PropertyDef>
      <Name>EarthingStyle</Name>
      <Definition>Indicates the earthing style of the electric device.</Definition>
      <PropertyType>
        <TypePropertySingleValue>
          <DataType type="IfcLabel"/>
        </TypePropertySingleValue>
      </PropertyType>
    </PropertyDef>
    <PropertyDef>
      <Name>HeatDissipation</Name>
      <Definition>Indicates the heat dissipation of the electric device measured in power.</Definition>
      <PropertyType>
        <TypePropertySingleValue>
          <DataType type="IfcPowerMeasure"/>
        </TypePropertySingleValue>
      </PropertyType>
    </PropertyDef>
    <PropertyDef>
      <Name>Power</Name>
      <Definition>The actual power and operable range.</Definition>
      <PropertyType>
        <TypePropertyBoundedValue>
          <DataType type="IfcPowerMeasure"/>
        </TypePropertyBoundedValue>
      </PropertyType>
    </PropertyDef>
    <PropertyDef>
      <Name>NominalPowerConsumption</Name>
      <Definition>Nominal total power consumption.</Definition>
      <PropertyType>
        <TypePropertySingleValue>
          <DataType type="IfcPowerMeasure"/>
        </TypePropertySingleValue>
      </PropertyType>
    </PropertyDef>
    <PropertyDef>
      <Name>NumberOfPowerSupplyPorts</Name>
      <Definition>Indicates the number of power supply ports of the electric device.</Definition>
      <PropertyType>
        <TypePropertyTableValue>
          <Expression/>
          <DefiningValue>
            <DataType type="IfcLabel"/>
          </DefiningValue>
          <DefinedValue>
            <DataType type="IfcInteger"/>
          </DefinedValue>
        </TypePropertyTableValue>
      </PropertyType>
    </PropertyDef>
  </PropertyDefs>
</PropertySetDef>
