<?xml version="1.0" ?>
<PropertySetDef xmlns:xsi="http://www.w3.org/2001/XMLSchema-instance" xmlns:xsd="http://www.w3.org/2001/XMLSchema" templatetype="PSET_PERFORMANCEDRIVEN" xsi:noNamespaceSchemaLocation="http://buildingSMART-tech.org/xml/psd/PSD_IFC4.xsd">
  <IfcVersion version="IFC4X3_ADD2"/>
  <Name>Pset_AirToAirHeatRecoveryPHistory</Name>
  <Definition>Air to Air Heat Recovery performance history common attributes.</Definition>
  <Applicability/>
  <ApplicableClasses>
    <ClassName>IfcAirToAirHeatRecovery</ClassName>
  </ApplicableClasses>
  <ApplicableTypeValue>IfcAirToAirHeatRecovery</ApplicableTypeValue>
  <PropertyDefs>
    <PropertyDef>
      <Name>SensibleEffectiveness</Name>
      <Definition>Sensible heat transfer effectiveness, where effectiveness is defined as the ratio of heat transfer to maximum possible heat transfer.</Definition>
      <PropertyType>
        <TypePropertyReferenceValue reftype="IfcTimeSeries"/>
      </PropertyType>
    </PropertyDef>
    <PropertyDef>
      <Name>TotalEffectiveness</Name>
      <Definition>Total heat transfer effectiveness: The ratio of heat transfer to the maximum possible heat transfer.</Definition>
      <PropertyType>
        <TypePropertyReferenceValue reftype="IfcTimeSeries"/>
      </PropertyType>
    </PropertyDef>
    <PropertyDef>
      <Name>TemperatureEffectiveness</Name>
      <Definition>Temperature heat transfer effectiveness: The ratio of primary airflow temperature changes to maximum possible temperature changes.</Definition>
      <PropertyType>
        <TypePropertyReferenceValue reftype="IfcTimeSeries"/>
      </PropertyType>
    </PropertyDef>
    <PropertyDef>
      <Name>DefrostTemperatureEffectiveness</Name>
      <Definition>Temperature heat transfer effectiveness when defrosting is active.</Definition>
      <PropertyType>
        <TypePropertyReferenceValue reftype="IfcTimeSeries"/>
      </PropertyType>
    </PropertyDef>
    <PropertyDef>
      <Name>HumidityEffectiveness</Name>
      <Definition>Humidity heat transfer effectiveness: The ratio of primary airflow absolute humidity changes to maximum possible absolute humidity changes.</Definition>
      <PropertyType>
        <TypePropertyReferenceValue reftype="IfcTimeSeries"/>
      </PropertyType>
    </PropertyDef>
    <PropertyDef>
      <Name>SensibleHeatTransferRate</Name>
      <Definition>Sensible heat transfer rate.</Definition>
      <PropertyType>
        <TypePropertyReferenceValue reftype="IfcTimeSeries"/>
      </PropertyType>
    </PropertyDef>
    <PropertyDef>
      <Name>LatentHeatTransferRate</Name>
      <Definition>Latent heat transfer rate.</Definition>
      <PropertyType>
        <TypePropertyReferenceValue reftype="IfcTimeSeries"/>
      </PropertyType>
    </PropertyDef>
    <PropertyDef>
      <Name>TotalHeatTransferRate</Name>
      <Definition>Total heat transfer rate.</Definition>
      <PropertyType>
        <TypePropertyReferenceValue reftype="IfcTimeSeries"/>
      </PropertyType>
    </PropertyDef>
    <PropertyDef>
      <Name>SensibleEffectivenessTable</Name>
      <Definition>Sensible heat transfer effectiveness curve as a function of the primary and secondary air flow rate.</Definition>
      <PropertyType>
        <TypePropertyReferenceValue reftype="IfcTimeSeries"/>
      </PropertyType>
    </PropertyDef>
    <PropertyDef>
      <Name>TotalEffectivenessTable</Name>
      <Definition>Total heat transfer effectiveness curve as a function of the primary and secondary air flow rate.</Definition>
      <PropertyType>
        <TypePropertyReferenceValue reftype="IfcTimeSeries"/>
      </PropertyType>
    </PropertyDef>
    <PropertyDef>
      <Name>AirPressureDropCurves</Name>
      <Definition>Air pressure drop as function of air flow rate.</Definition>
      <PropertyType>
        <TypePropertyReferenceValue reftype="IfcTimeSeries"/>
      </PropertyType>
    </PropertyDef>
  </PropertyDefs>
</PropertySetDef>
