<?xml version="1.0" ?>
<PropertySetDef xmlns:xsi="http://www.w3.org/2001/XMLSchema-instance" xmlns:xsd="http://www.w3.org/2001/XMLSchema" templatetype="PSET_OCCURRENCEDRIVEN" xsi:noNamespaceSchemaLocation="http://buildingSMART-tech.org/xml/psd/PSD_IFC4.xsd">
  <IfcVersion version="IFC4X3_ADD2"/>
  <Name>Pset_OutsideDesignCriteria</Name>
  <Definition>Outside air conditions used as the basis for calculating thermal loads at peak conditions, as well as the weather data location from which these conditions were obtained. HISTORY: New property set in IFC Release 1.0.</Definition>
  <Applicability/>
  <ApplicableClasses>
    <ClassName>IfcBuilding</ClassName>
  </ApplicableClasses>
  <ApplicableTypeValue>IfcBuilding</ApplicableTypeValue>
  <PropertyDefs>
    <PropertyDef>
      <Name>HeatingDryBulb</Name>
      <Definition>Dry bulb temperature for heating design.

At outside.</Definition>
      <PropertyType>
        <TypePropertySingleValue>
          <DataType type="IfcThermodynamicTemperatureMeasure"/>
        </TypePropertySingleValue>
      </PropertyType>
    </PropertyDef>
    <PropertyDef>
      <Name>HeatingWetBulb</Name>
      <Definition>Outside wet bulb temperature for heating design.</Definition>
      <PropertyType>
        <TypePropertySingleValue>
          <DataType type="IfcThermodynamicTemperatureMeasure"/>
        </TypePropertySingleValue>
      </PropertyType>
    </PropertyDef>
    <PropertyDef>
      <Name>HeatingDesignDay</Name>
      <Definition>The month, day and time that has been selected for the heating design calculations.</Definition>
      <PropertyType>
        <TypePropertySingleValue>
          <DataType type="IfcDateTime"/>
        </TypePropertySingleValue>
      </PropertyType>
    </PropertyDef>
    <PropertyDef>
      <Name>CoolingDryBulb</Name>
      <Definition>Dry bulb temperature, usually for for cooling design.

Outside dry bulb temperature</Definition>
      <PropertyType>
        <TypePropertySingleValue>
          <DataType type="IfcThermodynamicTemperatureMeasure"/>
        </TypePropertySingleValue>
      </PropertyType>
    </PropertyDef>
    <PropertyDef>
      <Name>CoolingWetBulb</Name>
      <Definition>Outside wet bulb temperature for cooling design.</Definition>
      <PropertyType>
        <TypePropertySingleValue>
          <DataType type="IfcThermodynamicTemperatureMeasure"/>
        </TypePropertySingleValue>
      </PropertyType>
    </PropertyDef>
    <PropertyDef>
      <Name>CoolingDesignDay</Name>
      <Definition>The month, day  and time that has been selected for the cooling design calculations.</Definition>
      <PropertyType>
        <TypePropertySingleValue>
          <DataType type="IfcDateTime"/>
        </TypePropertySingleValue>
      </PropertyType>
    </PropertyDef>
    <PropertyDef>
      <Name>WeatherDataStation</Name>
      <Definition>The site weather data station description or reference to the data source from which weather data was obtained for use in calculations.</Definition>
      <PropertyType>
        <TypePropertySingleValue>
          <DataType type="IfcText"/>
        </TypePropertySingleValue>
      </PropertyType>
    </PropertyDef>
    <PropertyDef>
      <Name>WeatherDataDate</Name>
      <Definition>The date for which the weather data was gathered.</Definition>
      <PropertyType>
        <TypePropertySingleValue>
          <DataType type="IfcDateTime"/>
        </TypePropertySingleValue>
      </PropertyType>
    </PropertyDef>
    <PropertyDef>
      <Name>BuildingThermalExposure</Name>
      <Definition>The thermal exposure expected by the building based on surrounding site conditions.</Definition>
      <PropertyType>
        <TypePropertyEnumeratedValue>
          <EnumList name="PEnum_BuildingThermalExposure">
            <EnumItem>HEAVY</EnumItem>
            <EnumItem>LIGHT</EnumItem>
            <EnumItem>MEDIUM</EnumItem>
            <EnumItem>NOTKNOWN</EnumItem>
            <EnumItem>UNSET</EnumItem>
          </EnumList>
        </TypePropertyEnumeratedValue>
      </PropertyType>
    </PropertyDef>
    <PropertyDef>
      <Name>PrevailingWindDirection</Name>
      <Definition>The prevailing wind angle direction measured from True North (0 degrees) in a clockwise direction.</Definition>
      <PropertyType>
        <TypePropertySingleValue>
          <DataType type="IfcPlaneAngleMeasure"/>
        </TypePropertySingleValue>
      </PropertyType>
    </PropertyDef>
    <PropertyDef>
      <Name>PrevailingWindVelocity</Name>
      <Definition>The design wind velocity coming from the direction specified by the PrevailingWindDirection attribute.</Definition>
      <PropertyType>
        <TypePropertySingleValue>
          <DataType type="IfcLinearVelocityMeasure"/>
        </TypePropertySingleValue>
      </PropertyType>
    </PropertyDef>
  </PropertyDefs>
</PropertySetDef>
