<?xml version="1.0" ?>
<PropertySetDef xmlns:xsi="http://www.w3.org/2001/XMLSchema-instance" xmlns:xsd="http://www.w3.org/2001/XMLSchema" templatetype="PSET_TYPEDRIVENOVERRIDE" xsi:noNamespaceSchemaLocation="http://buildingSMART-tech.org/xml/psd/PSD_IFC4.xsd">
  <IfcVersion version="IFC4X3_ADD2"/>
  <Name>Pset_MemberTypeCatenaryStay</Name>
  <Definition>Properties of catenary stay used in railway. The property set can be used by the predefined type STAY_CABLE of IfcMember.</Definition>
  <Applicability/>
  <ApplicableClasses>
    <ClassName>IfcMember/STAY_CABLE</ClassName>
    <ClassName>IfcMemberType/STAY_CABLE</ClassName>
  </ApplicableClasses>
  <ApplicableTypeValue>IfcMember/STAY_CABLE,IfcMemberType/STAY_CABLE</ApplicableTypeValue>
  <PropertyDefs>
    <PropertyDef>
      <Name>AssemblyInstruction</Name>
      <Definition>Instructions to describe how the system / equipment / facility is assembled.</Definition>
      <PropertyType>
        <TypePropertyReferenceValue reftype="IfcExternalReference"/>
      </PropertyType>
    </PropertyDef>
    <PropertyDef>
      <Name>NominalLength</Name>
      <Definition>The nominal overall length of the object. The size information is provided in addition to the shape representation and the geometric parameters used within. In case of inconsistency between the geometric parameters and the size properties, provided in the attached property set, the geometric parameters take precedence.</Definition>
      <PropertyType>
        <TypePropertySingleValue>
          <DataType type="IfcNonNegativeLengthMeasure"/>
        </TypePropertySingleValue>
      </PropertyType>
    </PropertyDef>
    <PropertyDef>
      <Name>CatenaryStayType</Name>
      <Definition>Indicates the type of catenary stay used.</Definition>
      <PropertyType>
        <TypePropertyEnumeratedValue>
          <EnumList name="PEnum_CatenaryStayType">
            <EnumItem>DOUBLE_STAY</EnumItem>
            <EnumItem>SINGLE_STAY</EnumItem>
            <EnumItem>OTHER</EnumItem>
            <EnumItem>NOTKNOWN</EnumItem>
            <EnumItem>UNSET</EnumItem>
          </EnumList>
        </TypePropertyEnumeratedValue>
      </PropertyType>
    </PropertyDef>
    <PropertyDef>
      <Name>NominalHeight</Name>
      <Definition>The nominal height of the object. The size information is provided in addition to the shape representation and the geometric parameters used within. In cases of inconsistency between the geometric parameters and the size properties, provided in the attached property set, the geometric parameters take precedence.</Definition>
      <PropertyType>
        <TypePropertySingleValue>
          <DataType type="IfcNonNegativeLengthMeasure"/>
        </TypePropertySingleValue>
      </PropertyType>
    </PropertyDef>
  </PropertyDefs>
</PropertySetDef>
