<?xml version="1.0" ?>
<PropertySetDef xmlns:xsi="http://www.w3.org/2001/XMLSchema-instance" xmlns:xsd="http://www.w3.org/2001/XMLSchema" templatetype="PSET_TYPEDRIVENOVERRIDE" xsi:noNamespaceSchemaLocation="http://buildingSMART-tech.org/xml/psd/PSD_IFC4.xsd">
  <IfcVersion version="IFC4X3_ADD2"/>
  <Name>Pset_CableCarrierSegmentTypeConduitSegment</Name>
  <Definition>An enclosed tubular carrier segment through which cables are pulled.
HISTORY: IFC4 - NominalLength deleted. To be handled as a quantity measure.</Definition>
  <Applicability/>
  <ApplicableClasses>
    <ClassName>IfcCableCarrierSegment/CONDUITSEGMENT</ClassName>
    <ClassName>IfcCableCarrierSegmentType/CONDUITSEGMENT</ClassName>
  </ApplicableClasses>
  <ApplicableTypeValue>IfcCableCarrierSegment/CONDUITSEGMENT,IfcCableCarrierSegmentType/CONDUITSEGMENT</ApplicableTypeValue>
  <PropertyDefs>
    <PropertyDef>
      <Name>NominalWidth</Name>
      <Definition>The nominal overall width of the object. The size information is provided in addition to the shape representation and the geometric parameters used within. In cases of inconsistency between the geometric parameters and the size properties, provided in the attached property set, the geometric parameters take precedence.</Definition>
      <PropertyType>
        <TypePropertySingleValue>
          <DataType type="IfcNonNegativeLengthMeasure"/>
        </TypePropertySingleValue>
      </PropertyType>
    </PropertyDef>
    <PropertyDef>
      <Name>NominalHeight</Name>
      <Definition>The nominal height of the object. The size information is provided in addition to the shape representation and the geometric parameters used within. In cases of inconsistency between the geometric parameters and the size properties, provided in the attached property set, the geometric parameters take precedence.</Definition>
      <PropertyType>
        <TypePropertySingleValue>
          <DataType type="IfcPositiveLengthMeasure"/>
        </TypePropertySingleValue>
      </PropertyType>
    </PropertyDef>
    <PropertyDef>
      <Name>ConduitShapeType</Name>
      <Definition>The shape of the conduit segment.</Definition>
      <PropertyType>
        <TypePropertyEnumeratedValue>
          <EnumList name="PEnum_ConduitShapeType">
            <EnumItem>CIRCULAR</EnumItem>
            <EnumItem>OVAL</EnumItem>
            <EnumItem>OTHER</EnumItem>
            <EnumItem>NOTKNOWN</EnumItem>
            <EnumItem>UNSET</EnumItem>
          </EnumList>
        </TypePropertyEnumeratedValue>
      </PropertyType>
    </PropertyDef>
    <PropertyDef>
      <Name>IsRigid</Name>
      <Definition>Indication of whether the conduit is rigid (= TRUE) or flexible (= FALSE).</Definition>
      <PropertyType>
        <TypePropertySingleValue>
          <DataType type="IfcBoolean"/>
        </TypePropertySingleValue>
      </PropertyType>
    </PropertyDef>
    <PropertyDef>
      <Name>NominalDiameter</Name>
      <Definition>Nominal diameter or width of the object.</Definition>
      <PropertyType>
        <TypePropertySingleValue>
          <DataType type="IfcPositiveLengthMeasure"/>
        </TypePropertySingleValue>
      </PropertyType>
    </PropertyDef>
  </PropertyDefs>
</PropertySetDef>
