<?xml version="1.0" ?>
<PropertySetDef xmlns:xsi="http://www.w3.org/2001/XMLSchema-instance" xmlns:xsd="http://www.w3.org/2001/XMLSchema" templatetype="PSET_PERFORMANCEDRIVEN" xsi:noNamespaceSchemaLocation="http://buildingSMART-tech.org/xml/psd/PSD_IFC4.xsd">
  <IfcVersion version="IFC4X3_ADD2"/>
  <Name>Pset_PipeFittingPHistory</Name>
  <Definition>Pipe fitting performance history common attributes.</Definition>
  <Applicability/>
  <ApplicableClasses>
    <ClassName>IfcPipeFitting</ClassName>
  </ApplicableClasses>
  <ApplicableTypeValue>IfcPipeFitting</ApplicableTypeValue>
  <PropertyDefs>
    <PropertyDef>
      <Name>LossCoefficient</Name>
      <Definition>Dimensionless loss coefficient used for calculating fluid resistance representing the ratio of total pressure loss to velocity pressure at a referenced cross-section.</Definition>
      <PropertyType>
        <TypePropertyReferenceValue reftype="IfcTimeSeries"/>
      </PropertyType>
    </PropertyDef>
    <PropertyDef>
      <Name>FlowrateLeakage</Name>
      <Definition>Leakage flowrate versus pressure difference.</Definition>
      <PropertyType>
        <TypePropertyReferenceValue reftype="IfcTimeSeries"/>
      </PropertyType>
    </PropertyDef>
  </PropertyDefs>
</PropertySetDef>
