<?xml version="1.0" ?>
<PropertySetDef xmlns:xsi="http://www.w3.org/2001/XMLSchema-instance" xmlns:xsd="http://www.w3.org/2001/XMLSchema" templatetype="PSET_TYPEDRIVENOVERRIDE" xsi:noNamespaceSchemaLocation="http://buildingSMART-tech.org/xml/psd/PSD_IFC4.xsd">
  <IfcVersion version="IFC4X3_ADD2"/>
  <Name>Pset_MechanicalFastenerBolt</Name>
  <Definition>Properties related to bolt-type fasteners. The properties of a whole set with bolt, washers and nut may be provided. Note, it is usually not necessary to transmit these properties in case of standardized bolts. Instead, the standard is referred to.</Definition>
  <Applicability/>
  <ApplicableClasses>
    <ClassName>IfcMechanicalFastener/BOLT</ClassName>
    <ClassName>IfcMechanicalFastenerType/BOLT</ClassName>
  </ApplicableClasses>
  <ApplicableTypeValue>IfcMechanicalFastener/BOLT,IfcMechanicalFastenerType/BOLT</ApplicableTypeValue>
  <PropertyDefs>
    <PropertyDef>
      <Name>ThreadDiameter</Name>
      <Definition>Nominal diameter of the thread, if different from the bolt's overall nominal diameter</Definition>
      <PropertyType>
        <TypePropertySingleValue>
          <DataType type="IfcPositiveLengthMeasure"/>
        </TypePropertySingleValue>
      </PropertyType>
    </PropertyDef>
    <PropertyDef>
      <Name>ThreadLength</Name>
      <Definition>Nominal length of the thread</Definition>
      <PropertyType>
        <TypePropertySingleValue>
          <DataType type="IfcPositiveLengthMeasure"/>
        </TypePropertySingleValue>
      </PropertyType>
    </PropertyDef>
    <PropertyDef>
      <Name>NutsCount</Name>
      <Definition>Count of nuts to be mounted on one bolt</Definition>
      <PropertyType>
        <TypePropertySingleValue>
          <DataType type="IfcCountMeasure"/>
        </TypePropertySingleValue>
      </PropertyType>
    </PropertyDef>
    <PropertyDef>
      <Name>WashersCount</Name>
      <Definition>Count of washers to be mounted on one bolt</Definition>
      <PropertyType>
        <TypePropertySingleValue>
          <DataType type="IfcCountMeasure"/>
        </TypePropertySingleValue>
      </PropertyType>
    </PropertyDef>
    <PropertyDef>
      <Name>HeadShape</Name>
      <Definition>Shape of the bolt's head, e.g. 'Hexagon', 'Countersunk', 'Cheese'</Definition>
      <PropertyType>
        <TypePropertySingleValue>
          <DataType type="IfcLabel"/>
        </TypePropertySingleValue>
      </PropertyType>
    </PropertyDef>
    <PropertyDef>
      <Name>KeyShape</Name>
      <Definition>If applicable, shape of the head's slot, e.g. 'Slot', 'Allen'</Definition>
      <PropertyType>
        <TypePropertySingleValue>
          <DataType type="IfcLabel"/>
        </TypePropertySingleValue>
      </PropertyType>
    </PropertyDef>
    <PropertyDef>
      <Name>NutShape</Name>
      <Definition>Shape of the nut, e.g. 'Hexagon', 'Cap', 'Castle', 'Wing'</Definition>
      <PropertyType>
        <TypePropertySingleValue>
          <DataType type="IfcLabel"/>
        </TypePropertySingleValue>
      </PropertyType>
    </PropertyDef>
    <PropertyDef>
      <Name>WasherShape</Name>
      <Definition>Shape of the washers, e.g. 'Standard', 'Square'</Definition>
      <PropertyType>
        <TypePropertySingleValue>
          <DataType type="IfcLabel"/>
        </TypePropertySingleValue>
      </PropertyType>
    </PropertyDef>
  </PropertyDefs>
</PropertySetDef>
