<?xml version="1.0" ?>
<PropertySetDef xmlns:xsi="http://www.w3.org/2001/XMLSchema-instance" xmlns:xsd="http://www.w3.org/2001/XMLSchema" templatetype="PSET_TYPEDRIVENOVERRIDE" xsi:noNamespaceSchemaLocation="http://buildingSMART-tech.org/xml/psd/PSD_IFC4.xsd">
  <IfcVersion version="IFC4X3_ADD2"/>
  <Name>Pset_RampCommon</Name>
  <Definition>Properties common to the definition of all occurrences of IfcRamp.</Definition>
  <Applicability/>
  <ApplicableClasses>
    <ClassName>IfcRamp</ClassName>
    <ClassName>IfcRampType</ClassName>
  </ApplicableClasses>
  <ApplicableTypeValue>IfcRamp,IfcRampType</ApplicableTypeValue>
  <PropertyDefs>
    <PropertyDef>
      <Name>Reference</Name>
      <Definition>Reference ID for this specified type in this project (e.g. type 'A-1'), Also referred to as &quot;construction type&quot;. It should be provided as an alternative to the name of the &quot;object type&quot;, if the software does not support object types and no classification reference to a recognized classification system used.IFC4.3.0.0 DEPRECATION  The Reference property is deprecated and shall no longer be used, use attribute Name on the relating type instead.</Definition>
      <PropertyType>
        <TypePropertySingleValue>
          <DataType type="IfcIdentifier"/>
        </TypePropertySingleValue>
      </PropertyType>
    </PropertyDef>
    <PropertyDef>
      <Name>Status</Name>
      <Definition>Status of the element, predominately used in renovation or retrofitting projects. The status can be assigned to as &quot;New&quot; - element designed as new addition, &quot;Existing&quot; - element exists and remains, &quot;Demolish&quot; - element existed but is to be demolished,  &quot;Temporary&quot; - element will exists only temporary (like a temporary support structure).</Definition>
      <PropertyType>
        <TypePropertyEnumeratedValue>
          <EnumList name="PEnum_ElementStatus">
            <EnumItem>DEMOLISH</EnumItem>
            <EnumItem>EXISTING</EnumItem>
            <EnumItem>NEW</EnumItem>
            <EnumItem>TEMPORARY</EnumItem>
            <EnumItem>OTHER</EnumItem>
            <EnumItem>NOTKNOWN</EnumItem>
            <EnumItem>UNSET</EnumItem>
          </EnumList>
        </TypePropertyEnumeratedValue>
      </PropertyType>
    </PropertyDef>
    <PropertyDef>
      <Name>RequiredHeadroom</Name>
      <Definition>Required headroom clearance for the passageway according to the applicable building code or additional requirements.</Definition>
      <PropertyType>
        <TypePropertySingleValue>
          <DataType type="IfcPositiveLengthMeasure"/>
        </TypePropertySingleValue>
      </PropertyType>
    </PropertyDef>
    <PropertyDef>
      <Name>RequiredSlope</Name>
      <Definition>Required sloping angle of the object  - relative to horizontal (0.0 degrees).
Required maximum slope for the passageway according to the applicable building code or additional requirements.</Definition>
      <PropertyType>
        <TypePropertySingleValue>
          <DataType type="IfcPlaneAngleMeasure"/>
        </TypePropertySingleValue>
      </PropertyType>
    </PropertyDef>
    <PropertyDef>
      <Name>HandicapAccessible</Name>
      <Definition>Indication that this object is designed to be accessible by the handicapped. Set to (TRUE) if this object is rated as handicap accessible according to the local building codes, otherwise (FALSE). It is giving according to the requirements of the national building code.</Definition>
      <PropertyType>
        <TypePropertySingleValue>
          <DataType type="IfcBoolean"/>
        </TypePropertySingleValue>
      </PropertyType>
    </PropertyDef>
    <PropertyDef>
      <Name>HasNonSkidSurface</Name>
      <Definition>Indication whether the surface finish is designed to prevent slippery (TRUE) or not (FALSE).</Definition>
      <PropertyType>
        <TypePropertySingleValue>
          <DataType type="IfcBoolean"/>
        </TypePropertySingleValue>
      </PropertyType>
    </PropertyDef>
    <PropertyDef>
      <Name>FireExit</Name>
      <Definition>Indication whether this object is designed to serve as an exit in the case of fire (TRUE) or not (FALSE).

Here it defines an exit ramp in accordance to the national building code.</Definition>
      <PropertyType>
        <TypePropertySingleValue>
          <DataType type="IfcBoolean"/>
        </TypePropertySingleValue>
      </PropertyType>
    </PropertyDef>
    <PropertyDef>
      <Name>IsExternal</Name>
      <Definition>Indication whether the element is designed for use in the exterior (TRUE) or not (FALSE). If (TRUE) it is an external element and faces the outside of the building.</Definition>
      <PropertyType>
        <TypePropertySingleValue>
          <DataType type="IfcBoolean"/>
        </TypePropertySingleValue>
      </PropertyType>
    </PropertyDef>
    <PropertyDef>
      <Name>ThermalTransmittance</Name>
      <Definition>Thermal transmittance coefficient (U-Value) of an element, within the direction of the thermal flow (including all materials).</Definition>
      <PropertyType>
        <TypePropertySingleValue>
          <DataType type="IfcThermalTransmittanceMeasure"/>
        </TypePropertySingleValue>
      </PropertyType>
    </PropertyDef>
    <PropertyDef>
      <Name>LoadBearing</Name>
      <Definition>Indicates whether the object is intended to carry loads (TRUE) or not (FALSE).</Definition>
      <PropertyType>
        <TypePropertySingleValue>
          <DataType type="IfcBoolean"/>
        </TypePropertySingleValue>
      </PropertyType>
    </PropertyDef>
    <PropertyDef>
      <Name>FireRating</Name>
      <Definition>Fire rating for this object. It is given according to the national fire safety classification.</Definition>
      <PropertyType>
        <TypePropertySingleValue>
          <DataType type="IfcLabel"/>
        </TypePropertySingleValue>
      </PropertyType>
    </PropertyDef>
  </PropertyDefs>
</PropertySetDef>
