<?xml version="1.0" ?>
<PropertySetDef xmlns:xsi="http://www.w3.org/2001/XMLSchema-instance" xmlns:xsd="http://www.w3.org/2001/XMLSchema" templatetype="PSET_TYPEDRIVENOVERRIDE" xsi:noNamespaceSchemaLocation="http://buildingSMART-tech.org/xml/psd/PSD_IFC4.xsd">
  <IfcVersion version="IFC4X3_ADD2"/>
  <Name>Pset_DiscreteAccessoryStandardFixingPlate</Name>
  <Definition>Properties specific to standard fixing plates.</Definition>
  <Applicability/>
  <ApplicableClasses>
    <ClassName>IfcDiscreteAccessory</ClassName>
    <ClassName>IfcDiscreteAccessoryType</ClassName>
  </ApplicableClasses>
  <ApplicableTypeValue>IfcDiscreteAccessory,IfcDiscreteAccessoryType</ApplicableTypeValue>
  <PropertyDefs>
    <PropertyDef>
      <Name>StandardFixingPlateWidth</Name>
      <Definition>The width of the standard fixing plate.</Definition>
      <PropertyType>
        <TypePropertySingleValue>
          <DataType type="IfcPositiveLengthMeasure"/>
        </TypePropertySingleValue>
      </PropertyType>
    </PropertyDef>
    <PropertyDef>
      <Name>StandardFixingPlateDepth</Name>
      <Definition>The depth of the standard fixing plate.</Definition>
      <PropertyType>
        <TypePropertySingleValue>
          <DataType type="IfcPositiveLengthMeasure"/>
        </TypePropertySingleValue>
      </PropertyType>
    </PropertyDef>
    <PropertyDef>
      <Name>StandardFixingPlateThickness</Name>
      <Definition>The thickness of the standard fixing plate.</Definition>
      <PropertyType>
        <TypePropertySingleValue>
          <DataType type="IfcPositiveLengthMeasure"/>
        </TypePropertySingleValue>
      </PropertyType>
    </PropertyDef>
  </PropertyDefs>
</PropertySetDef>
