<?xml version="1.0" ?>
<PropertySetDef xmlns:xsi="http://www.w3.org/2001/XMLSchema-instance" xmlns:xsd="http://www.w3.org/2001/XMLSchema" templatetype="PSET_PERFORMANCEDRIVEN" xsi:noNamespaceSchemaLocation="http://buildingSMART-tech.org/xml/psd/PSD_IFC4.xsd">
  <IfcVersion version="IFC4X3_ADD2"/>
  <Name>Pset_DistributionPortPHistoryCable</Name>
  <Definition>Log of electrical activity attached to an instance of IfcPerformanceHistory having an assigned IfcDistributionPort of type CABLE.</Definition>
  <Applicability/>
  <ApplicableClasses>
    <ClassName>IfcDistributionPort/CABLE</ClassName>
  </ApplicableClasses>
  <ApplicableTypeValue>IfcDistributionPort/CABLE</ApplicableTypeValue>
  <PropertyDefs>
    <PropertyDef>
      <Name>CurrentHistory</Name>
      <Definition>Log of electrical current.</Definition>
      <PropertyType>
        <TypePropertyReferenceValue reftype="IfcTimeSeries"/>
      </PropertyType>
    </PropertyDef>
    <PropertyDef>
      <Name>VoltageHistory</Name>
      <Definition>Log of electrical voltage.</Definition>
      <PropertyType>
        <TypePropertyReferenceValue reftype="IfcTimeSeries"/>
      </PropertyType>
    </PropertyDef>
    <PropertyDef>
      <Name>RealPower</Name>
      <Definition>Real power.</Definition>
      <PropertyType>
        <TypePropertyReferenceValue reftype="IfcTimeSeries"/>
      </PropertyType>
    </PropertyDef>
    <PropertyDef>
      <Name>ReactivePower</Name>
      <Definition>Reactive power.</Definition>
      <PropertyType>
        <TypePropertyReferenceValue reftype="IfcTimeSeries"/>
      </PropertyType>
    </PropertyDef>
    <PropertyDef>
      <Name>ApparentPower</Name>
      <Definition>Apparent power.</Definition>
      <PropertyType>
        <TypePropertyReferenceValue reftype="IfcTimeSeries"/>
      </PropertyType>
    </PropertyDef>
    <PropertyDef>
      <Name>PowerFactorHistory</Name>
      <Definition>Power factor.</Definition>
      <PropertyType>
        <TypePropertyReferenceValue reftype="IfcTimeSeries"/>
      </PropertyType>
    </PropertyDef>
    <PropertyDef>
      <Name>DataTransmitted</Name>
      <Definition>For data ports, captures log of data transmitted.  The LIST at IfcTimeSeriesValue.Values may split out data according to Pset_DistributionPortTypeCable.Protocols.</Definition>
      <PropertyType>
        <TypePropertyReferenceValue reftype="IfcTimeSeries"/>
      </PropertyType>
    </PropertyDef>
    <PropertyDef>
      <Name>DataReceived</Name>
      <Definition>For data ports, captures log of data received.  The LIST at IfcTimeSeriesValue.Values may split out data according to Pset_DistributionPortTypeCable.Protocols.</Definition>
      <PropertyType>
        <TypePropertyReferenceValue reftype="IfcTimeSeries"/>
      </PropertyType>
    </PropertyDef>
  </PropertyDefs>
</PropertySetDef>
