<?xml version="1.0" ?>
<PropertySetDef xmlns:xsi="http://www.w3.org/2001/XMLSchema-instance" xmlns:xsd="http://www.w3.org/2001/XMLSchema" templatetype="PSET_TYPEDRIVENOVERRIDE" xsi:noNamespaceSchemaLocation="http://buildingSMART-tech.org/xml/psd/PSD_IFC4.xsd">
  <IfcVersion version="IFC4X3_ADD2"/>
  <Name>Pset_DataTransmissionUnit</Name>
  <Definition>Properties common to a data transmission unit. This property set is applied to a type or occurrence of IfcCommunicationsAppliance with predefined type MODEM.</Definition>
  <Applicability/>
  <ApplicableClasses>
    <ClassName>IfcCommunicationsAppliance/MODEM</ClassName>
    <ClassName>IfcCommunicationsApplianceType/MODEM</ClassName>
  </ApplicableClasses>
  <ApplicableTypeValue>IfcCommunicationsAppliance/MODEM,IfcCommunicationsApplianceType/MODEM</ApplicableTypeValue>
  <PropertyDefs>
    <PropertyDef>
      <Name>WorkingState</Name>
      <Definition>Indicates the working state of device or system.</Definition>
      <PropertyType>
        <TypePropertySingleValue>
          <DataType type="IfcLabel"/>
        </TypePropertySingleValue>
      </PropertyType>
    </PropertyDef>
    <PropertyDef>
      <Name>SerialInterfaceType</Name>
      <Definition>Indicates the type of serial interface used by the device.</Definition>
      <PropertyType>
        <TypePropertyEnumeratedValue>
          <EnumList name="PEnum_SerialInterfaceType">
            <EnumItem>RS_232</EnumItem>
            <EnumItem>RS_422</EnumItem>
            <EnumItem>RS_485</EnumItem>
            <EnumItem>OTHER</EnumItem>
            <EnumItem>NOTKNOWN</EnumItem>
            <EnumItem>UNSET</EnumItem>
          </EnumList>
        </TypePropertyEnumeratedValue>
      </PropertyType>
    </PropertyDef>
    <PropertyDef>
      <Name>DataTransmissionUnitUsage</Name>
      <Definition>Indicates the usage of the data transmission unit. It can be used to transmit data for different types of sensors.</Definition>
      <PropertyType>
        <TypePropertyEnumeratedValue>
          <EnumList name="PEnum_DataTransmissionUnitUsage">
            <EnumItem>EARTHQUAKE</EnumItem>
            <EnumItem>FOREIGNOBJECT</EnumItem>
            <EnumItem>WINDANDRAIN</EnumItem>
            <EnumItem>OTHER</EnumItem>
            <EnumItem>NOTKNOWN</EnumItem>
            <EnumItem>UNSET</EnumItem>
          </EnumList>
        </TypePropertyEnumeratedValue>
      </PropertyType>
    </PropertyDef>
  </PropertyDefs>
</PropertySetDef>
