<?xml version="1.0" ?>
<PropertySetDef xmlns:xsi="http://www.w3.org/2001/XMLSchema-instance" xmlns:xsd="http://www.w3.org/2001/XMLSchema" templatetype="PSET_PERFORMANCEDRIVEN" xsi:noNamespaceSchemaLocation="http://buildingSMART-tech.org/xml/psd/PSD_IFC4.xsd">
  <IfcVersion version="IFC4X3_ADD2"/>
  <Name>Pset_EvaporatorPHistory</Name>
  <Definition>Evaporator performance history attributes.</Definition>
  <Applicability/>
  <ApplicableClasses>
    <ClassName>IfcEvaporator</ClassName>
  </ApplicableClasses>
  <ApplicableTypeValue>IfcEvaporator</ApplicableTypeValue>
  <PropertyDefs>
    <PropertyDef>
      <Name>HeatRejectionRate</Name>
      <Definition>Sum of the refrigeration effect and the heat equivalent of the power input to the compressor.</Definition>
      <PropertyType>
        <TypePropertyReferenceValue reftype="IfcTimeSeries"/>
      </PropertyType>
    </PropertyDef>
    <PropertyDef>
      <Name>ExteriorHeatTransferCoefficient</Name>
      <Definition>Exterior heat transfer coefficient associated with exterior surface area.</Definition>
      <PropertyType>
        <TypePropertyReferenceValue reftype="IfcTimeSeries"/>
      </PropertyType>
    </PropertyDef>
    <PropertyDef>
      <Name>InteriorHeatTransferCoefficient</Name>
      <Definition>Interior heat transfer coefficient associated with interior surface area.</Definition>
      <PropertyType>
        <TypePropertyReferenceValue reftype="IfcTimeSeries"/>
      </PropertyType>
    </PropertyDef>
    <PropertyDef>
      <Name>RefrigerantFoulingResistance</Name>
      <Definition>Fouling resistance on the refrigerant side.</Definition>
      <PropertyType>
        <TypePropertyReferenceValue reftype="IfcTimeSeries"/>
      </PropertyType>
    </PropertyDef>
    <PropertyDef>
      <Name>EvaporatingTemperature</Name>
      <Definition>Refrigerant evaporating temperature.</Definition>
      <PropertyType>
        <TypePropertyReferenceValue reftype="IfcTimeSeries"/>
      </PropertyType>
    </PropertyDef>
    <PropertyDef>
      <Name>LogarithmicMeanTemperatureDifference</Name>
      <Definition>Logarithmic mean temperature difference between refrigerant and water or air.</Definition>
      <PropertyType>
        <TypePropertyReferenceValue reftype="IfcTimeSeries"/>
      </PropertyType>
    </PropertyDef>
    <PropertyDef>
      <Name>UAcurves</Name>
      <Definition>UV = f (VExterior, VInterior), UV as a function of interior and exterior fluid flow velocity at the entrance.</Definition>
      <PropertyType>
        <TypePropertyReferenceValue reftype="IfcTimeSeries"/>
      </PropertyType>
    </PropertyDef>
    <PropertyDef>
      <Name>CompressorEvaporatorHeatGain</Name>
      <Definition>Heat gain between the evaporator outlet and the compressor inlet.</Definition>
      <PropertyType>
        <TypePropertyReferenceValue reftype="IfcTimeSeries"/>
      </PropertyType>
    </PropertyDef>
    <PropertyDef>
      <Name>CompressorEvaporatorPressureDrop</Name>
      <Definition>Pressure drop between the evaporator outlet and the compressor inlet.</Definition>
      <PropertyType>
        <TypePropertyReferenceValue reftype="IfcTimeSeries"/>
      </PropertyType>
    </PropertyDef>
    <PropertyDef>
      <Name>EvaporatorMeanVoidFraction</Name>
      <Definition>Mean void fraction in evaporator.</Definition>
      <PropertyType>
        <TypePropertyReferenceValue reftype="IfcTimeSeries"/>
      </PropertyType>
    </PropertyDef>
    <PropertyDef>
      <Name>WaterFoulingResistance</Name>
      <Definition>Fouling resistance on water/air side.</Definition>
      <PropertyType>
        <TypePropertyReferenceValue reftype="IfcTimeSeries"/>
      </PropertyType>
    </PropertyDef>
  </PropertyDefs>
</PropertySetDef>
