<?xml version="1.0" ?>
<PropertySetDef xmlns:xsi="http://www.w3.org/2001/XMLSchema-instance" xmlns:xsd="http://www.w3.org/2001/XMLSchema" templatetype="PSET_TYPEDRIVENOVERRIDE" xsi:noNamespaceSchemaLocation="http://buildingSMART-tech.org/xml/psd/PSD_IFC4.xsd">
  <IfcVersion version="IFC4X3_ADD2"/>
  <Name>Pset_MarineVehicleDesignCriteria</Name>
  <Definition>Properties common to the definition of design criteria of all occurrences of IfcTransportElement and types of IfcTransportElementType with the predefined type set to MARINEVEHICLE</Definition>
  <Applicability/>
  <ApplicableClasses>
    <ClassName>IfcVehicle/VEHICLEMARINE</ClassName>
    <ClassName>IfcVehicleType/VEHICLEMARINE</ClassName>
  </ApplicableClasses>
  <ApplicableTypeValue>IfcVehicle/VEHICLEMARINE,IfcVehicleType/VEHICLEMARINE</ApplicableTypeValue>
  <PropertyDefs>
    <PropertyDef>
      <Name>AllowableHullPressure</Name>
      <Definition>Allowable contact pressure between fender and hull</Definition>
      <PropertyType>
        <TypePropertySingleValue>
          <DataType type="IfcPressureMeasure"/>
        </TypePropertySingleValue>
      </PropertyType>
    </PropertyDef>
    <PropertyDef>
      <Name>SoftnessCoefficient</Name>
      <Definition>Vessel flexibility factor - proportion of impact energy absorbed by the hull.</Definition>
      <PropertyType>
        <TypePropertySingleValue>
          <DataType type="IfcPositiveRatioMeasure"/>
        </TypePropertySingleValue>
      </PropertyType>
    </PropertyDef>
  </PropertyDefs>
</PropertySetDef>
