<?xml version="1.0" ?>
<PropertySetDef xmlns:xsi="http://www.w3.org/2001/XMLSchema-instance" xmlns:xsd="http://www.w3.org/2001/XMLSchema" templatetype="PSET_TYPEDRIVENOVERRIDE" xsi:noNamespaceSchemaLocation="http://buildingSMART-tech.org/xml/psd/PSD_IFC4.xsd">
  <IfcVersion version="IFC4X3_ADD2"/>
  <Name>Pset_AudioVisualApplianceTypeReceiver</Name>
  <Definition>An audio-visual receiver is a device that switches audio and/or video from multiple sources, including external sources connected from ports and internal aggregated sources.  HISTORY: Added in IFC4.</Definition>
  <Applicability/>
  <ApplicableClasses>
    <ClassName>IfcAudioVisualAppliance/RECEIVER</ClassName>
    <ClassName>IfcAudioVisualApplianceType/RECEIVER</ClassName>
  </ApplicableClasses>
  <ApplicableTypeValue>IfcAudioVisualAppliance/RECEIVER,IfcAudioVisualApplianceType/RECEIVER</ApplicableTypeValue>
  <PropertyDefs>
    <PropertyDef>
      <Name>ReceiverType</Name>
      <Definition>Indicates the type of receiver.</Definition>
      <PropertyType>
        <TypePropertyEnumeratedValue>
          <EnumList name="PEnum_AudioVisualReceiverType">
            <EnumItem>AUDIO</EnumItem>
            <EnumItem>AUDIOVIDEO</EnumItem>
            <EnumItem>OTHER</EnumItem>
            <EnumItem>NOTKNOWN</EnumItem>
            <EnumItem>UNSET</EnumItem>
          </EnumList>
        </TypePropertyEnumeratedValue>
      </PropertyType>
    </PropertyDef>
    <PropertyDef>
      <Name>AudioAmplification</Name>
      <Definition>Indicates audio amplification frequency ranges.</Definition>
      <PropertyType>
        <TypePropertyTableValue>
          <Expression/>
          <DefiningValue>
            <DataType type="IfcFrequencyMeasure"/>
          </DefiningValue>
          <DefinedValue>
            <DataType type="IfcRatioMeasure"/>
          </DefinedValue>
        </TypePropertyTableValue>
      </PropertyType>
    </PropertyDef>
    <PropertyDef>
      <Name>AudioMode</Name>
      <Definition>Indicates audio sound modes and corresponding labels, if applicable.</Definition>
      <PropertyType>
        <TypePropertyTableValue>
          <Expression/>
          <DefiningValue>
            <DataType type="IfcIdentifier"/>
          </DefiningValue>
          <DefinedValue>
            <DataType type="IfcLabel"/>
          </DefinedValue>
        </TypePropertyTableValue>
      </PropertyType>
    </PropertyDef>
  </PropertyDefs>
</PropertySetDef>
