<?xml version="1.0" ?>
<PropertySetDef xmlns:xsi="http://www.w3.org/2001/XMLSchema-instance" xmlns:xsd="http://www.w3.org/2001/XMLSchema" templatetype="PSET_TYPEDRIVENOVERRIDE" xsi:noNamespaceSchemaLocation="http://buildingSMART-tech.org/xml/psd/PSD_IFC4.xsd">
  <IfcVersion version="IFC4X3_ADD2"/>
  <Name>Pset_ChillerTypeCommon</Name>
  <Definition>Chiller type common attributes.</Definition>
  <Applicability/>
  <ApplicableClasses>
    <ClassName>IfcChiller</ClassName>
    <ClassName>IfcChillerType</ClassName>
  </ApplicableClasses>
  <ApplicableTypeValue>IfcChiller,IfcChillerType</ApplicableTypeValue>
  <PropertyDefs>
    <PropertyDef>
      <Name>Reference</Name>
      <Definition>Reference ID for this specified type in this project (e.g. type 'A-1'), Also referred to as &quot;construction type&quot;. It should be provided as an alternative to the name of the &quot;object type&quot;, if the software does not support object types and no classification reference to a recognized classification system used.IFC4.3.0.0 DEPRECATION  The Reference property is deprecated and shall no longer be used, use attribute Name on the relating type instead.</Definition>
      <PropertyType>
        <TypePropertySingleValue>
          <DataType type="IfcIdentifier"/>
        </TypePropertySingleValue>
      </PropertyType>
    </PropertyDef>
    <PropertyDef>
      <Name>Status</Name>
      <Definition>Status of the element, predominately used in renovation or retrofitting projects. The status can be assigned to as &quot;New&quot; - element designed as new addition, &quot;Existing&quot; - element exists and remains, &quot;Demolish&quot; - element existed but is to be demolished,  &quot;Temporary&quot; - element will exists only temporary (like a temporary support structure).</Definition>
      <PropertyType>
        <TypePropertyEnumeratedValue>
          <EnumList name="PEnum_ElementStatus">
            <EnumItem>DEMOLISH</EnumItem>
            <EnumItem>EXISTING</EnumItem>
            <EnumItem>NEW</EnumItem>
            <EnumItem>TEMPORARY</EnumItem>
            <EnumItem>OTHER</EnumItem>
            <EnumItem>NOTKNOWN</EnumItem>
            <EnumItem>UNSET</EnumItem>
          </EnumList>
        </TypePropertyEnumeratedValue>
      </PropertyType>
    </PropertyDef>
    <PropertyDef>
      <Name>ChillerCapacity</Name>
      <Definition>Nominal cooling capacity of chiller at standardized conditions as defined by the agency having jurisdiction.</Definition>
      <PropertyType>
        <TypePropertySingleValue>
          <DataType type="IfcPowerMeasure"/>
        </TypePropertySingleValue>
      </PropertyType>
    </PropertyDef>
    <PropertyDef>
      <Name>NominalEfficiency</Name>
      <Definition>Nominal object efficiency under nominal conditions.</Definition>
      <PropertyType>
        <TypePropertySingleValue>
          <DataType type="IfcPositiveRatioMeasure"/>
        </TypePropertySingleValue>
      </PropertyType>
    </PropertyDef>
    <PropertyDef>
      <Name>NominalCondensingTemperature</Name>
      <Definition>Chiller condensing temperature.</Definition>
      <PropertyType>
        <TypePropertySingleValue>
          <DataType type="IfcThermodynamicTemperatureMeasure"/>
        </TypePropertySingleValue>
      </PropertyType>
    </PropertyDef>
    <PropertyDef>
      <Name>NominalEvaporatingTemperature</Name>
      <Definition>Chiller evaporating temperature.</Definition>
      <PropertyType>
        <TypePropertySingleValue>
          <DataType type="IfcThermodynamicTemperatureMeasure"/>
        </TypePropertySingleValue>
      </PropertyType>
    </PropertyDef>
    <PropertyDef>
      <Name>NominalHeatRejectionRate</Name>
      <Definition>Sum of the refrigeration effect and the heat equivalent of the power input to the compressor.</Definition>
      <PropertyType>
        <TypePropertySingleValue>
          <DataType type="IfcPowerMeasure"/>
        </TypePropertySingleValue>
      </PropertyType>
    </PropertyDef>
    <PropertyDef>
      <Name>NominalPowerConsumption</Name>
      <Definition>Nominal total power consumption.</Definition>
      <PropertyType>
        <TypePropertySingleValue>
          <DataType type="IfcPowerMeasure"/>
        </TypePropertySingleValue>
      </PropertyType>
    </PropertyDef>
    <PropertyDef>
      <Name>CapacityCurve</Name>
      <Definition>Chiller cooling capacity is a function of condensing temperature and evaporating temperature, data is in table form, Capacity = f (TempCon, TempEvp), capacity = a1+b1*Tei+c1*Tei\^2+d1*Tci+e1*Tci\^2+f1*Tei*Tci.
This table uses multiple input variables; to represent, both DefiningValues and DefinedValues lists are null and IfcTable is attached using IfcResourceConstraintRelationship and IfcMetric.  Columns are specified in the following order:
1.IfcPowerMeasure:Capacity
2.IfcThermodynamicTemperatureMeasure:CondensingTemperature
3.IfcThermodynamicTemperatureMeasure:EvaporatingTemperature</Definition>
      <PropertyType>
        <TypePropertyTableValue>
          <Expression/>
          <DefiningValue>
            <DataType type="IfcThermodynamicTemperatureMeasure"/>
          </DefiningValue>
          <DefinedValue>
            <DataType type="IfcPowerMeasure"/>
          </DefinedValue>
        </TypePropertyTableValue>
      </PropertyType>
    </PropertyDef>
    <PropertyDef>
      <Name>CoefficientOfPerformanceCurve</Name>
      <Definition>Chiller coefficient of performance (COP) is function of condensing temperature and evaporating temperature, data is in table form, COP= f (TempCon, TempEvp), COP = a2+b2*Tei+c2*Tei\^2+d2*Tci+e2*Tci\^2+f2*Tei*Tci.
This table uses multiple input variables; to represent, both DefiningValues and DefinedValues lists are null and IfcTable is attached using IfcResourceConstraintRelationship and IfcMetric.  Columns are specified in the following order:
1.IfcPositiveRatioMeasure:CoefficientOfPerformance
2.IfcThermodynamicTemperatureMeasure:CondensingTemperature
3.IfcThermodynamicTemperatureMeasure:EvaporatingTemperature</Definition>
      <PropertyType>
        <TypePropertyTableValue>
          <Expression/>
          <DefiningValue>
            <DataType type="IfcThermodynamicTemperatureMeasure"/>
          </DefiningValue>
          <DefinedValue>
            <DataType type="IfcReal"/>
          </DefinedValue>
        </TypePropertyTableValue>
      </PropertyType>
    </PropertyDef>
    <PropertyDef>
      <Name>FullLoadRatioCurve</Name>
      <Definition>Ratio of actual power to full load power as a quadratic function of part load, at certain condensing and evaporating temperature, FracFullLoadPower = f ( PartLoadRatio).</Definition>
      <PropertyType>
        <TypePropertyTableValue>
          <Expression/>
          <DefiningValue>
            <DataType type="IfcPositiveRatioMeasure"/>
          </DefiningValue>
          <DefinedValue>
            <DataType type="IfcNormalisedRatioMeasure"/>
          </DefinedValue>
        </TypePropertyTableValue>
      </PropertyType>
    </PropertyDef>
  </PropertyDefs>
</PropertySetDef>
