<?xml version="1.0" ?>
<PropertySetDef xmlns:xsi="http://www.w3.org/2001/XMLSchema-instance" xmlns:xsd="http://www.w3.org/2001/XMLSchema" templatetype="PSET_OCCURRENCEDRIVEN" xsi:noNamespaceSchemaLocation="http://buildingSMART-tech.org/xml/psd/PSD_IFC4.xsd">
  <IfcVersion version="IFC4X3_ADD2"/>
  <Name>Pset_PipeSegmentOccurrence</Name>
  <Definition>Pipe segment occurrence attributes attached to an instance of IfcPipeSegment.</Definition>
  <Applicability/>
  <ApplicableClasses>
    <ClassName>IfcPipeSegment</ClassName>
  </ApplicableClasses>
  <ApplicableTypeValue>IfcPipeSegment</ApplicableTypeValue>
  <PropertyDefs>
    <PropertyDef>
      <Name>InteriorRoughnessCoefficient</Name>
      <Definition>The interior roughness of the material of the object.</Definition>
      <PropertyType>
        <TypePropertySingleValue>
          <DataType type="IfcPositiveLengthMeasure"/>
        </TypePropertySingleValue>
      </PropertyType>
    </PropertyDef>
    <PropertyDef>
      <Name>Colour</Name>
      <Definition>Colour of this object.</Definition>
      <PropertyType>
        <TypePropertySingleValue>
          <DataType type="IfcLabel"/>
        </TypePropertySingleValue>
      </PropertyType>
    </PropertyDef>
    <PropertyDef>
      <Name>Gradient</Name>
      <Definition>The gradient of the pipe segment.</Definition>
      <PropertyType>
        <TypePropertySingleValue>
          <DataType type="IfcPositiveRatioMeasure"/>
        </TypePropertySingleValue>
      </PropertyType>
    </PropertyDef>
    <PropertyDef>
      <Name>InvertElevation</Name>
      <Definition>The invert elevation relative to the datum established for the project.</Definition>
      <PropertyType>
        <TypePropertySingleValue>
          <DataType type="IfcLengthMeasure"/>
        </TypePropertySingleValue>
      </PropertyType>
    </PropertyDef>
  </PropertyDefs>
</PropertySetDef>
