<?xml version="1.0" ?>
<PropertySetDef xmlns:xsi="http://www.w3.org/2001/XMLSchema-instance" xmlns:xsd="http://www.w3.org/2001/XMLSchema" templatetype="PSET_TYPEDRIVENOVERRIDE" xsi:noNamespaceSchemaLocation="http://buildingSMART-tech.org/xml/psd/PSD_IFC4.xsd">
  <IfcVersion version="IFC4X3_ADD2"/>
  <Name>Pset_CableSegmentTypeContactWire</Name>
  <Definition>Properties of contact wires used in overhead contact line systems. This property set is applicable to a type or occurrence of IfcCableSegment with predefined type CONTACTWIRESEGMENT.</Definition>
  <Applicability/>
  <ApplicableClasses>
    <ClassName>IfcCableSegment/CONTACTWIRESEGMENT</ClassName>
    <ClassName>IfcCableSegmentType/CONTACTWIRESEGMENT</ClassName>
  </ApplicableClasses>
  <ApplicableTypeValue>IfcCableSegment/CONTACTWIRESEGMENT,IfcCableSegmentType/CONTACTWIRESEGMENT</ApplicableTypeValue>
  <PropertyDefs>
    <PropertyDef>
      <Name>ACResistance</Name>
      <Definition>The resistance under AC.</Definition>
      <PropertyType>
        <TypePropertySingleValue>
          <DataType type="IfcElectricResistanceMeasure"/>
        </TypePropertySingleValue>
      </PropertyType>
    </PropertyDef>
    <PropertyDef>
      <Name>ThermalExpansionCoefficient</Name>
      <Definition>Quantity characterizing the variation with thermodynamic temperature T of the distance l between two points of a body, under given conditions (IEC 113-04-27). The ratio is defined per Kelvin.</Definition>
      <PropertyType>
        <TypePropertySingleValue>
          <DataType type="IfcThermalExpansionCoefficientMeasure"/>
        </TypePropertySingleValue>
      </PropertyType>
    </PropertyDef>
    <PropertyDef>
      <Name>CurrentCarryingCapacity</Name>
      <Definition>Maximum value of electric current which can be carried continuously by a conductor, a device or an apparatus, under specified conditions without its steady-state temperature exceeding a  specified value. Based on IEC60826-11-13. NOTE: The temperature specified value is maximum Design Ambient Temperature.</Definition>
      <PropertyType>
        <TypePropertySingleValue>
          <DataType type="IfcElectricCurrentMeasure"/>
        </TypePropertySingleValue>
      </PropertyType>
    </PropertyDef>
    <PropertyDef>
      <Name>DCResistance</Name>
      <Definition>The resistance under direct current and 20 degrees centigrade.</Definition>
      <PropertyType>
        <TypePropertySingleValue>
          <DataType type="IfcElectricResistanceMeasure"/>
        </TypePropertySingleValue>
      </PropertyType>
    </PropertyDef>
    <PropertyDef>
      <Name>MassPerLength</Name>
      <Definition>Mass per length, i.e. mass of a beam with a unit length of extrusion. For example measured in kg/m.</Definition>
      <PropertyType>
        <TypePropertySingleValue>
          <DataType type="IfcMassPerLengthMeasure"/>
        </TypePropertySingleValue>
      </PropertyType>
    </PropertyDef>
    <PropertyDef>
      <Name>YoungModulus</Name>
      <Definition>A measure of the Young's modulus of elasticity of the material.</Definition>
      <PropertyType>
        <TypePropertySingleValue>
          <DataType type="IfcModulusOfElasticityMeasure"/>
        </TypePropertySingleValue>
      </PropertyType>
    </PropertyDef>
    <PropertyDef>
      <Name>CrossSectionalArea</Name>
      <Definition>Cross section area of the phase(s) lead(s).</Definition>
      <PropertyType>
        <TypePropertySingleValue>
          <DataType type="IfcAreaMeasure"/>
        </TypePropertySingleValue>
      </PropertyType>
    </PropertyDef>
    <PropertyDef>
      <Name>TorsionalStrength</Name>
      <Definition>Shear strength in torsion.</Definition>
      <PropertyType>
        <TypePropertySingleValue>
          <DataType type="IfcPressureMeasure"/>
        </TypePropertySingleValue>
      </PropertyType>
    </PropertyDef>
    <PropertyDef>
      <Name>TensileStrength</Name>
      <Definition>Indicates the ability to withstand breakage apart under applied force.</Definition>
      <PropertyType>
        <TypePropertySingleValue>
          <DataType type="IfcPressureMeasure"/>
        </TypePropertySingleValue>
      </PropertyType>
    </PropertyDef>
  </PropertyDefs>
</PropertySetDef>
