<?xml version="1.0" ?>
<PropertySetDef xmlns:xsi="http://www.w3.org/2001/XMLSchema-instance" xmlns:xsd="http://www.w3.org/2001/XMLSchema" templatetype="PSET_TYPEDRIVENOVERRIDE" xsi:noNamespaceSchemaLocation="http://buildingSMART-tech.org/xml/psd/PSD_IFC4.xsd">
  <IfcVersion version="IFC4X3_ADD2"/>
  <Name>Pset_MobileTeleCommunicationsApplianceTypeRemoteRadioUnit</Name>
  <Definition>Properties common to the definition of all occurrences of  IfcMobileTelecommunicationsAppliance and types of IfcMobileTelecommunicationsApplianceType with the predefined type set to REMOTERADIOUNIT.</Definition>
  <Applicability/>
  <ApplicableClasses>
    <ClassName>IfcMobileTelecommunicationsAppliance/REMOTERADIOUNIT</ClassName>
    <ClassName>IfcMobileTelecommunicationsApplianceType/REMOTERADIOUNIT</ClassName>
  </ApplicableClasses>
  <ApplicableTypeValue>IfcMobileTelecommunicationsAppliance/REMOTERADIOUNIT,IfcMobileTelecommunicationsApplianceType/REMOTERADIOUNIT</ApplicableTypeValue>
  <PropertyDefs>
    <PropertyDef>
      <Name>DownlinkRadioBand</Name>
      <Definition>Indicates the frequency range, delimited by a lower frequency and an upper frequency, allocated for downlink transmission.</Definition>
      <PropertyType>
        <TypePropertyBoundedValue>
          <DataType type="IfcFrequencyMeasure"/>
        </TypePropertyBoundedValue>
      </PropertyType>
    </PropertyDef>
    <PropertyDef>
      <Name>NumberOfCarriers</Name>
      <Definition>Indicates how many carrier frequencies can be managed by the device.</Definition>
      <PropertyType>
        <TypePropertySingleValue>
          <DataType type="IfcCountMeasure"/>
        </TypePropertySingleValue>
      </PropertyType>
    </PropertyDef>
    <PropertyDef>
      <Name>NumberOfInterfaces</Name>
      <Definition>Indicates the types of interfaces and their number in the device.</Definition>
      <PropertyType>
        <TypePropertyTableValue>
          <Expression/>
          <DefiningValue>
            <DataType type="IfcLabel"/>
          </DefiningValue>
          <DefinedValue>
            <DataType type="IfcInteger"/>
          </DefinedValue>
        </TypePropertyTableValue>
      </PropertyType>
    </PropertyDef>
    <PropertyDef>
      <Name>UplinkRadioBand</Name>
      <Definition>Indicates the frequency range, delimited by a lower frequency and an upper frequency, allocated for uplink transmission.</Definition>
      <PropertyType>
        <TypePropertyBoundedValue>
          <DataType type="IfcFrequencyMeasure"/>
        </TypePropertyBoundedValue>
      </PropertyType>
    </PropertyDef>
    <PropertyDef>
      <Name>NumberOfTransceiversPerAntenna</Name>
      <Definition>Indicates the number of transceivers per antenna.</Definition>
      <PropertyType>
        <TypePropertyTableValue>
          <Expression/>
          <DefiningValue>
            <DataType type="IfcLabel"/>
          </DefiningValue>
          <DefinedValue>
            <DataType type="IfcInteger"/>
          </DefinedValue>
        </TypePropertyTableValue>
      </PropertyType>
    </PropertyDef>
    <PropertyDef>
      <Name>RadiatedOutputPowerPerAntenna</Name>
      <Definition>Indicates the power of radio waves emitted by each antenna of the base transceiver station.</Definition>
      <PropertyType>
        <TypePropertyTableValue>
          <Expression/>
          <DefiningValue>
            <DataType type="IfcLabel"/>
          </DefiningValue>
          <DefinedValue>
            <DataType type="IfcPowerMeasure"/>
          </DefinedValue>
        </TypePropertyTableValue>
      </PropertyType>
    </PropertyDef>
    <PropertyDef>
      <Name>AntennaType</Name>
      <Definition>Indicates the type of antenna.

Indicates the type of antenna integrated in the device.</Definition>
      <PropertyType>
        <TypePropertySingleValue>
          <DataType type="IfcLabel"/>
        </TypePropertySingleValue>
      </PropertyType>
    </PropertyDef>
    <PropertyDef>
      <Name>RRUConnectionType</Name>
      <Definition>Indicates the connection type between the remote radio unit and baseband unit.</Definition>
      <PropertyType>
        <TypePropertyEnumeratedValue>
          <EnumList name="PEnum_UnitConnectionType">
            <EnumItem>CHAIN</EnumItem>
            <EnumItem>MIXED</EnumItem>
            <EnumItem>RING</EnumItem>
            <EnumItem>STAR</EnumItem>
            <EnumItem>OTHER</EnumItem>
            <EnumItem>NOTKNOWN</EnumItem>
            <EnumItem>UNSET</EnumItem>
          </EnumList>
        </TypePropertyEnumeratedValue>
      </PropertyType>
    </PropertyDef>
  </PropertyDefs>
</PropertySetDef>
