<?xml version="1.0" ?>
<PropertySetDef xmlns:xsi="http://www.w3.org/2001/XMLSchema-instance" xmlns:xsd="http://www.w3.org/2001/XMLSchema" templatetype="PSET_TYPEDRIVENOVERRIDE" xsi:noNamespaceSchemaLocation="http://buildingSMART-tech.org/xml/psd/PSD_IFC4.xsd">
  <IfcVersion version="IFC4X3_ADD2"/>
  <Name>Pset_FilterTypeWaterFilter</Name>
  <Definition>Water filter type attributes.</Definition>
  <Applicability/>
  <ApplicableClasses>
    <ClassName>IfcFilter/WATERFILTER</ClassName>
    <ClassName>IfcFilterType/WATERFILTER</ClassName>
  </ApplicableClasses>
  <ApplicableTypeValue>IfcFilter/WATERFILTER,IfcFilterType/WATERFILTER</ApplicableTypeValue>
  <PropertyDefs>
    <PropertyDef>
      <Name>WaterFilterType</Name>
      <Definition>Further qualifies the type of water filter.  Filtration removes undissolved matter; Purification removes dissolved matter; Softening replaces dissolved matter.</Definition>
      <PropertyType>
        <TypePropertyEnumeratedValue>
          <EnumList name="PEnum_FilterWaterFilterType">
            <EnumItem>FILTRATION_DIATOMACEOUSEARTH</EnumItem>
            <EnumItem>FILTRATION_SAND</EnumItem>
            <EnumItem>PURIFICATION_DEIONIZING</EnumItem>
            <EnumItem>PURIFICATION_REVERSEOSMOSIS</EnumItem>
            <EnumItem>SOFTENING_ZEOLITE</EnumItem>
            <EnumItem>OTHER</EnumItem>
            <EnumItem>NOTKNOWN</EnumItem>
            <EnumItem>UNSET</EnumItem>
          </EnumList>
        </TypePropertyEnumeratedValue>
      </PropertyType>
    </PropertyDef>
  </PropertyDefs>
</PropertySetDef>
