<?xml version="1.0" ?>
<PropertySetDef xmlns:xsi="http://www.w3.org/2001/XMLSchema-instance" xmlns:xsd="http://www.w3.org/2001/XMLSchema" templatetype="PSET_TYPEDRIVENOVERRIDE" xsi:noNamespaceSchemaLocation="http://buildingSMART-tech.org/xml/psd/PSD_IFC4.xsd">
  <IfcVersion version="IFC4X3_ADD2"/>
  <Name>Pset_CommunicationsApplianceTypeAutomaton</Name>
  <Definition>Properties common to automaton appliances. This property set is applied to a type or occurrence of IfcCommunicationsAppliance with predefined type of AUTOMATON.</Definition>
  <Applicability/>
  <ApplicableClasses>
    <ClassName>IfcCommunicationsAppliance/AUTOMATON</ClassName>
    <ClassName>IfcCommunicationsApplianceType/AUTOMATON</ClassName>
  </ApplicableClasses>
  <ApplicableTypeValue>IfcCommunicationsAppliance/AUTOMATON,IfcCommunicationsApplianceType/AUTOMATON</ApplicableTypeValue>
  <PropertyDefs>
    <PropertyDef>
      <Name>InputSignalType</Name>
      <Definition>The type of the input signal.</Definition>
      <PropertyType>
        <TypePropertyEnumeratedValue>
          <EnumList name="PEnum_InputOutputSignalType">
            <EnumItem>CURRENT</EnumItem>
            <EnumItem>VOLTAGE</EnumItem>
            <EnumItem>OTHER</EnumItem>
            <EnumItem>NOTKNOWN</EnumItem>
            <EnumItem>UNSET</EnumItem>
          </EnumList>
        </TypePropertyEnumeratedValue>
      </PropertyType>
    </PropertyDef>
    <PropertyDef>
      <Name>OutputSignalType</Name>
      <Definition>The type of the output signal.</Definition>
      <PropertyType>
        <TypePropertyEnumeratedValue>
          <EnumList name="PEnum_InputOutputSignalType">
            <EnumItem>CURRENT</EnumItem>
            <EnumItem>VOLTAGE</EnumItem>
            <EnumItem>OTHER</EnumItem>
            <EnumItem>NOTKNOWN</EnumItem>
            <EnumItem>UNSET</EnumItem>
          </EnumList>
        </TypePropertyEnumeratedValue>
      </PropertyType>
    </PropertyDef>
  </PropertyDefs>
</PropertySetDef>
