<?xml version="1.0" ?>
<PropertySetDef xmlns:xsi="http://www.w3.org/2001/XMLSchema-instance" xmlns:xsd="http://www.w3.org/2001/XMLSchema" templatetype="PSET_TYPEDRIVENOVERRIDE" xsi:noNamespaceSchemaLocation="http://buildingSMART-tech.org/xml/psd/PSD_IFC4.xsd">
  <IfcVersion version="IFC4X3_ADD2"/>
  <Name>Pset_ElectricFlowStorageDeviceTypeBattery</Name>
  <Definition>Properties of batteries. The property set can be used by the predefined type BATTERY of IfcElectricFlowStorageDevice.</Definition>
  <Applicability/>
  <ApplicableClasses>
    <ClassName>IfcElectricFlowStorageDevice/BATTERY</ClassName>
    <ClassName>IfcElectricFlowStorageDeviceType/BATTERY</ClassName>
  </ApplicableClasses>
  <ApplicableTypeValue>IfcElectricFlowStorageDevice/BATTERY,IfcElectricFlowStorageDeviceType/BATTERY</ApplicableTypeValue>
  <PropertyDefs>
    <PropertyDef>
      <Name>CurrentRegulationRate</Name>
      <Definition>It shows the ability of DC regulated power supply to suppress the fluctuation of output voltage caused by the change of load current (output current) when the input voltage is constant.</Definition>
      <PropertyType>
        <TypePropertySingleValue>
          <DataType type="IfcRatioMeasure"/>
        </TypePropertySingleValue>
      </PropertyType>
    </PropertyDef>
    <PropertyDef>
      <Name>NominalSupplyCurrent</Name>
      <Definition>The nominal current of the supply.</Definition>
      <PropertyType>
        <TypePropertySingleValue>
          <DataType type="IfcElectricCurrentMeasure"/>
        </TypePropertySingleValue>
      </PropertyType>
    </PropertyDef>
    <PropertyDef>
      <Name>VoltageRegulationRate</Name>
      <Definition>When the input side voltage changes from the lowest allowable input value to the specified maximum value, the relative change value of the output voltage is the percentage of the rated output voltage.</Definition>
      <PropertyType>
        <TypePropertySingleValue>
          <DataType type="IfcRatioMeasure"/>
        </TypePropertySingleValue>
      </PropertyType>
    </PropertyDef>
    <PropertyDef>
      <Name>AssemblyInstruction</Name>
      <Definition>Instructions to describe how the system / equipment / facility is assembled.</Definition>
      <PropertyType>
        <TypePropertyReferenceValue reftype="IfcExternalReference"/>
      </PropertyType>
    </PropertyDef>
    <PropertyDef>
      <Name>BatteryChargingType</Name>
      <Definition>Identifies the predefined types of battery charging.</Definition>
      <PropertyType>
        <TypePropertyEnumeratedValue>
          <EnumList name="PEnum_BatteryChargingType">
            <EnumItem>RECHARGEABLE</EnumItem>
            <EnumItem>SINGLECHARGE</EnumItem>
            <EnumItem>OTHER</EnumItem>
            <EnumItem>NOTKNOWN</EnumItem>
            <EnumItem>UNSET</EnumItem>
          </EnumList>
        </TypePropertyEnumeratedValue>
      </PropertyType>
    </PropertyDef>
    <PropertyDef>
      <Name>EncapsulationTechnologyCode</Name>
      <Definition>Code indicating the encapsulation technology which has been applied in an electric, electronic or electromechanical component.</Definition>
      <PropertyType>
        <TypePropertySingleValue>
          <DataType type="IfcIdentifier"/>
        </TypePropertySingleValue>
      </PropertyType>
    </PropertyDef>
    <PropertyDef>
      <Name>OpenCircuitVoltage</Name>
      <Definition>Voltage of a cell or battery when the discharge current is zero  [Source IEC 482-03-32]</Definition>
      <PropertyType>
        <TypePropertySingleValue>
          <DataType type="IfcElectricVoltageMeasure"/>
        </TypePropertySingleValue>
      </PropertyType>
    </PropertyDef>
  </PropertyDefs>
</PropertySetDef>
