<?xml version="1.0" ?>
<PropertySetDef xmlns:xsi="http://www.w3.org/2001/XMLSchema-instance" xmlns:xsd="http://www.w3.org/2001/XMLSchema" templatetype="PSET_OCCURRENCEDRIVEN" xsi:noNamespaceSchemaLocation="http://buildingSMART-tech.org/xml/psd/PSD_IFC4.xsd">
  <IfcVersion version="IFC4X3_ADD2"/>
  <Name>Pset_RoadSymbolsCommon</Name>
  <Definition>Properties for road symbols.</Definition>
  <Applicability/>
  <ApplicableClasses>
    <ClassName>IfcSurfaceFeature/SYMBOLMARKING</ClassName>
  </ApplicableClasses>
  <ApplicableTypeValue>IfcSurfaceFeature/SYMBOLMARKING</ApplicableTypeValue>
  <PropertyDefs>
    <PropertyDef>
      <Name>Text</Name>
      <Definition>Text content</Definition>
      <PropertyType>
        <TypePropertySingleValue>
          <DataType type="IfcText"/>
        </TypePropertySingleValue>
      </PropertyType>
    </PropertyDef>
    <PropertyDef>
      <Name>TypeDesignation</Name>
      <Definition>Type designator for the element. The content depends on local standards. Eg. 'Bull nose', 'Half batter', 'Dropper', 'Chamfer' etc</Definition>
      <PropertyType>
        <TypePropertySingleValue>
          <DataType type="IfcLabel"/>
        </TypePropertySingleValue>
      </PropertyType>
    </PropertyDef>
  </PropertyDefs>
</PropertySetDef>
