<?xml version="1.0" ?>
<PropertySetDef xmlns:xsi="http://www.w3.org/2001/XMLSchema-instance" xmlns:xsd="http://www.w3.org/2001/XMLSchema" templatetype="PSET_TYPEDRIVENOVERRIDE" xsi:noNamespaceSchemaLocation="http://buildingSMART-tech.org/xml/psd/PSD_IFC4.xsd">
  <IfcVersion version="IFC4X3_ADD2"/>
  <Name>Pset_FilterTypeAirParticleFilter</Name>
  <Definition>Air particle filter type attributes.</Definition>
  <Applicability/>
  <ApplicableClasses>
    <ClassName>IfcFilter/AIRPARTICLEFILTER</ClassName>
    <ClassName>IfcFilterType/AIRPARTICLEFILTER</ClassName>
  </ApplicableClasses>
  <ApplicableTypeValue>IfcFilter/AIRPARTICLEFILTER,IfcFilterType/AIRPARTICLEFILTER</ApplicableTypeValue>
  <PropertyDefs>
    <PropertyDef>
      <Name>AirParticleFilterType</Name>
      <Definition>A panel dry type extended surface filter is a dry-type air filter with random fiber mats or blankets in the forms of pockets, V-shaped or radial pleats, and include the following:CoarseFilter: Filter with a efficiency lower than 30% for atmosphere dust-spot.
CoarseMetalScreen: Filter made of metal screen.
CoarseCellFoams: Filter made of cell foams.
CoarseSpunGlass: Filter made of spun glass.
MediumFilter: Filter with an efficiency between 30-98% for atmosphere dust-spot.
MediumElectretFilter: Filter with fine electret synthetic fibers.
MediumNaturalFiberFilter: Filter with natural fibers.
HEPAFilter: High efficiency particulate air filter.
ULPAFilter: Ultra low penetration air filter.
MembraneFilters: Filter made of membrane for certain pore diameters in flat sheet and pleated form.
A renewable media with a moving curtain viscous filter are random-fiber media coated with viscous substance in roll form or curtain where fresh media is fed across the face of the filter and the dirty media is rewound onto a roll at the bottom or to into a reservoir:
RollForm: Viscous filter used in roll form.
AdhesiveReservoir: Viscous filter used in moving curtain form.
A renewable moving curtain dry media filter is a random-fiber dry media of relatively high porosity used in moving-curtain(roll) filters.
An electrical filter uses electrostatic precipitation to remove and collect particulate contaminants.</Definition>
      <PropertyType>
        <TypePropertyEnumeratedValue>
          <EnumList name="PEnum_FilterAirParticleFilterType">
            <EnumItem>ADHESIVERESERVOIR</EnumItem>
            <EnumItem>COARSECELLFOAMS</EnumItem>
            <EnumItem>COARSEMETALSCREEN</EnumItem>
            <EnumItem>COARSESPUNGLASS</EnumItem>
            <EnumItem>ELECTRICALFILTER</EnumItem>
            <EnumItem>HEPAFILTER</EnumItem>
            <EnumItem>MEDIUMELECTRETFILTER</EnumItem>
            <EnumItem>MEDIUMNATURALFIBERFILTER</EnumItem>
            <EnumItem>MEMBRANEFILTERS</EnumItem>
            <EnumItem>RENEWABLEMOVINGCURTIANDRYMEDIAFILTER</EnumItem>
            <EnumItem>ROLLFORM</EnumItem>
            <EnumItem>ULPAFILTER</EnumItem>
            <EnumItem>OTHER</EnumItem>
            <EnumItem>NOTKNOWN</EnumItem>
            <EnumItem>UNSET</EnumItem>
          </EnumList>
        </TypePropertyEnumeratedValue>
      </PropertyType>
    </PropertyDef>
    <PropertyDef>
      <Name>FrameMaterial</Name>
      <Definition>Filter frame material.</Definition>
      <PropertyType>
        <TypePropertyReferenceValue reftype="IfcMaterialDefinition"/>
      </PropertyType>
    </PropertyDef>
    <PropertyDef>
      <Name>SeparationType</Name>
      <Definition>Air particulate filter media separation type.</Definition>
      <PropertyType>
        <TypePropertyEnumeratedValue>
          <EnumList name="PEnum_FilterAirParticleFilterSeparationType">
            <EnumItem>BAG</EnumItem>
            <EnumItem>PLEAT</EnumItem>
            <EnumItem>TREADSEPARATION</EnumItem>
            <EnumItem>OTHER</EnumItem>
            <EnumItem>NOTKNOWN</EnumItem>
            <EnumItem>UNSET</EnumItem>
          </EnumList>
        </TypePropertyEnumeratedValue>
      </PropertyType>
    </PropertyDef>
    <PropertyDef>
      <Name>DustHoldingCapacity</Name>
      <Definition>Maximum filter dust holding capacity.</Definition>
      <PropertyType>
        <TypePropertySingleValue>
          <DataType type="IfcMassMeasure"/>
        </TypePropertySingleValue>
      </PropertyType>
    </PropertyDef>
    <PropertyDef>
      <Name>FaceSurfaceArea</Name>
      <Definition>Face area of filter frame.</Definition>
      <PropertyType>
        <TypePropertySingleValue>
          <DataType type="IfcAreaMeasure"/>
        </TypePropertySingleValue>
      </PropertyType>
    </PropertyDef>
    <PropertyDef>
      <Name>MediaExtendedArea</Name>
      <Definition>Total extended media area.</Definition>
      <PropertyType>
        <TypePropertySingleValue>
          <DataType type="IfcAreaMeasure"/>
        </TypePropertySingleValue>
      </PropertyType>
    </PropertyDef>
    <PropertyDef>
      <Name>NominalCountedEfficiency</Name>
      <Definition>Nominal filter efficiency based the particle count concentration before and after the filter against particles with a certain size distribution.</Definition>
      <PropertyType>
        <TypePropertySingleValue>
          <DataType type="IfcReal"/>
        </TypePropertySingleValue>
      </PropertyType>
    </PropertyDef>
    <PropertyDef>
      <Name>NominalWeightedEfficiency</Name>
      <Definition>Nominal filter efficiency based the particle weight concentration before and after the filter against particles with a certain size distribution.</Definition>
      <PropertyType>
        <TypePropertySingleValue>
          <DataType type="IfcReal"/>
        </TypePropertySingleValue>
      </PropertyType>
    </PropertyDef>
    <PropertyDef>
      <Name>PressureDropCurve</Name>
      <Definition>Under certain dust holding weight, DelPressure = f (fluidflowRate)</Definition>
      <PropertyType>
        <TypePropertyTableValue>
          <Expression/>
          <DefiningValue>
            <DataType type="IfcVolumetricFlowRateMeasure"/>
          </DefiningValue>
          <DefinedValue>
            <DataType type="IfcPressureMeasure"/>
          </DefinedValue>
        </TypePropertyTableValue>
      </PropertyType>
    </PropertyDef>
    <PropertyDef>
      <Name>CountedEfficiencyCurve</Name>
      <Definition>Counted efficiency curve as a function of dust holding weight, efficiency = f (dust holding weight).</Definition>
      <PropertyType>
        <TypePropertyTableValue>
          <Expression/>
          <DefiningValue>
            <DataType type="IfcMassMeasure"/>
          </DefiningValue>
          <DefinedValue>
            <DataType type="IfcReal"/>
          </DefinedValue>
        </TypePropertyTableValue>
      </PropertyType>
    </PropertyDef>
    <PropertyDef>
      <Name>WeightedEfficiencyCurve</Name>
      <Definition>Weighted efficiency curve as a function of dust holding weight, efficiency = f (dust holding weight).</Definition>
      <PropertyType>
        <TypePropertyTableValue>
          <Expression/>
          <DefiningValue>
            <DataType type="IfcMassMeasure"/>
          </DefiningValue>
          <DefinedValue>
            <DataType type="IfcReal"/>
          </DefinedValue>
        </TypePropertyTableValue>
      </PropertyType>
    </PropertyDef>
  </PropertyDefs>
</PropertySetDef>
