<?xml version="1.0" ?>
<PropertySetDef xmlns:xsi="http://www.w3.org/2001/XMLSchema-instance" xmlns:xsd="http://www.w3.org/2001/XMLSchema" templatetype="PSET_TYPEDRIVENOVERRIDE" xsi:noNamespaceSchemaLocation="http://buildingSMART-tech.org/xml/psd/PSD_IFC4.xsd">
  <IfcVersion version="IFC4X3_ADD2"/>
  <Name>Pset_SensorTypeGasSensor</Name>
  <Definition>A device that senses or detects gas. HISTORY: Changed in IFC4. Gas detected made into enumeration, set point concentration and coverage area added. Range, accuracy and time constant deleted.</Definition>
  <Applicability/>
  <ApplicableClasses>
    <ClassName>IfcSensor/GASSENSOR</ClassName>
    <ClassName>IfcSensorType/GASSENSOR</ClassName>
  </ApplicableClasses>
  <ApplicableTypeValue>IfcSensor/GASSENSOR,IfcSensorType/GASSENSOR</ApplicableTypeValue>
  <PropertyDefs>
    <PropertyDef>
      <Name>GasDetected</Name>
      <Definition>Identification of the gas that is being detected, according to chemical formula.  For example, carbon monoxide is 'CO', carbon dioxide is 'CO2', oxygen is 'O2'.</Definition>
      <PropertyType>
        <TypePropertySingleValue>
          <DataType type="IfcLabel"/>
        </TypePropertySingleValue>
      </PropertyType>
    </PropertyDef>
    <PropertyDef>
      <Name>SetPointConcentration</Name>
      <Definition>The concentration to be sensed. Use IfcPropertyBoundedValue.SetPointValue to set the set point value.</Definition>
      <PropertyType>
        <TypePropertyBoundedValue>
          <DataType type="IfcPositiveRatioMeasure"/>
        </TypePropertyBoundedValue>
      </PropertyType>
    </PropertyDef>
    <PropertyDef>
      <Name>CoverageArea</Name>
      <Definition>The area that is covered by the object.

Floor area (typically measured as a circle whose center is at the location of the sensor).</Definition>
      <PropertyType>
        <TypePropertySingleValue>
          <DataType type="IfcAreaMeasure"/>
        </TypePropertySingleValue>
      </PropertyType>
    </PropertyDef>
  </PropertyDefs>
</PropertySetDef>
