<?xml version="1.0" ?>
<PropertySetDef xmlns:xsi="http://www.w3.org/2001/XMLSchema-instance" xmlns:xsd="http://www.w3.org/2001/XMLSchema" templatetype="PSET_TYPEDRIVENOVERRIDE" xsi:noNamespaceSchemaLocation="http://buildingSMART-tech.org/xml/psd/PSD_IFC4.xsd">
  <IfcVersion version="IFC4X3_ADD2"/>
  <Name>Pset_SectioningDevice</Name>
  <Definition>Properties of sectioning device used in railway. The property set can be used by the predefined type INSULATOR of IfcDiscreteAccessory.</Definition>
  <Applicability/>
  <ApplicableClasses>
    <ClassName>IfcDiscreteAccessory/INSULATOR</ClassName>
    <ClassName>IfcDiscreteAccessoryType/INSULATOR</ClassName>
  </ApplicableClasses>
  <ApplicableTypeValue>IfcDiscreteAccessory/INSULATOR,IfcDiscreteAccessoryType/INSULATOR</ApplicableTypeValue>
  <PropertyDefs>
    <PropertyDef>
      <Name>SectioningDeviceType</Name>
      <Definition>Indicates the sectioning device type.</Definition>
      <PropertyType>
        <TypePropertyEnumeratedValue>
          <EnumList name="PEnum_SectioningDeviceType">
            <EnumItem>DIFFERENT_POWER_SUPPLY_SEPARATION</EnumItem>
            <EnumItem>PHASE_SEPARATION</EnumItem>
            <EnumItem>SAME_FEEDING_SECTION_SEPARATION</EnumItem>
            <EnumItem>OTHER</EnumItem>
            <EnumItem>NOTKNOWN</EnumItem>
            <EnumItem>UNSET</EnumItem>
          </EnumList>
        </TypePropertyEnumeratedValue>
      </PropertyType>
    </PropertyDef>
  </PropertyDefs>
</PropertySetDef>
