<?xml version="1.0" ?>
<PropertySetDef xmlns:xsi="http://www.w3.org/2001/XMLSchema-instance" xmlns:xsd="http://www.w3.org/2001/XMLSchema" templatetype="PSET_TYPEDRIVENOVERRIDE" xsi:noNamespaceSchemaLocation="http://buildingSMART-tech.org/xml/psd/PSD_IFC4.xsd">
  <IfcVersion version="IFC4X3_ADD2"/>
  <Name>Pset_ActuatorTypeCommon</Name>
  <Definition>Actuator type common attributes.</Definition>
  <Applicability/>
  <ApplicableClasses>
    <ClassName>IfcActuator</ClassName>
    <ClassName>IfcActuatorType</ClassName>
  </ApplicableClasses>
  <ApplicableTypeValue>IfcActuator,IfcActuatorType</ApplicableTypeValue>
  <PropertyDefs>
    <PropertyDef>
      <Name>Reference</Name>
      <Definition>Reference ID for this specified type in this project (e.g. type 'A-1'), Also referred to as &quot;construction type&quot;. It should be provided as an alternative to the name of the &quot;object type&quot;, if the software does not support object types and no classification reference to a recognized classification system used.IFC4.3.0.0 DEPRECATION  The Reference property is deprecated and shall no longer be used, use attribute Name on the relating type instead.</Definition>
      <PropertyType>
        <TypePropertySingleValue>
          <DataType type="IfcIdentifier"/>
        </TypePropertySingleValue>
      </PropertyType>
    </PropertyDef>
    <PropertyDef>
      <Name>ActuatorStatus</Name>
      <Definition>Status of the element, predominately used in renovation or retrofitting projects. The status can be assigned to as &quot;New&quot; - element designed as new addition, &quot;Existing&quot; - element exists and remains, &quot;Demolish&quot; - element existed but is to be demolished,  &quot;Temporary&quot; - element will exists only temporary (like a temporary support structure).</Definition>
      <PropertyType>
        <TypePropertyEnumeratedValue>
          <EnumList name="PEnum_ElementStatus">
            <EnumItem>DEMOLISH</EnumItem>
            <EnumItem>EXISTING</EnumItem>
            <EnumItem>NEW</EnumItem>
            <EnumItem>TEMPORARY</EnumItem>
            <EnumItem>OTHER</EnumItem>
            <EnumItem>NOTKNOWN</EnumItem>
            <EnumItem>UNSET</EnumItem>
          </EnumList>
        </TypePropertyEnumeratedValue>
      </PropertyType>
    </PropertyDef>
    <PropertyDef>
      <Name>FailPosition</Name>
      <Definition>Specifies the required fail-safe position of the actuator.</Definition>
      <PropertyType>
        <TypePropertyEnumeratedValue>
          <EnumList name="PEnum_FailPosition">
            <EnumItem>FAILCLOSED</EnumItem>
            <EnumItem>FAILOPEN</EnumItem>
            <EnumItem>OTHER</EnumItem>
            <EnumItem>NOTKNOWN</EnumItem>
            <EnumItem>UNSET</EnumItem>
          </EnumList>
        </TypePropertyEnumeratedValue>
      </PropertyType>
    </PropertyDef>
    <PropertyDef>
      <Name>ManualOverride</Name>
      <Definition>Identifies whether hand-operated operation is provided as an override (= TRUE) or not (= FALSE). Note that this value should be set to FALSE by default in the case of a Hand Operated Actuator.</Definition>
      <PropertyType>
        <TypePropertySingleValue>
          <DataType type="IfcBoolean"/>
        </TypePropertySingleValue>
      </PropertyType>
    </PropertyDef>
    <PropertyDef>
      <Name>ActuatorApplication</Name>
      <Definition>Indicates application of actuator.</Definition>
      <PropertyType>
        <TypePropertyEnumeratedValue>
          <EnumList name="PEnum_ActuatorApplication">
            <EnumItem>DAMPERACTUATOR</EnumItem>
            <EnumItem>ENTRYEXITDEVICE</EnumItem>
            <EnumItem>FIRESMOKEDAMPERACTUATOR</EnumItem>
            <EnumItem>LAMPACTUATOR</EnumItem>
            <EnumItem>SUNBLINDACTUATOR</EnumItem>
            <EnumItem>VALVEPOSITIONER</EnumItem>
            <EnumItem>OTHER</EnumItem>
            <EnumItem>NOTKNOWN</EnumItem>
            <EnumItem>UNSET</EnumItem>
          </EnumList>
        </TypePropertyEnumeratedValue>
      </PropertyType>
    </PropertyDef>
  </PropertyDefs>
</PropertySetDef>
