<?xml version="1.0" ?>
<PropertySetDef xmlns:xsi="http://www.w3.org/2001/XMLSchema-instance" xmlns:xsd="http://www.w3.org/2001/XMLSchema" templatetype="PSET_TYPEDRIVENOVERRIDE" xsi:noNamespaceSchemaLocation="http://buildingSMART-tech.org/xml/psd/PSD_IFC4.xsd">
  <IfcVersion version="IFC4X3_ADD2"/>
  <Name>Pset_ProtectiveDeviceTrippingUnitTypeElectronic</Name>
  <Definition>Information on tripping units that are electronically tripped.</Definition>
  <Applicability/>
  <ApplicableClasses>
    <ClassName>IfcProtectiveDeviceTrippingUnit/ELECTRONIC</ClassName>
    <ClassName>IfcProtectiveDeviceTrippingUnitType/ELECTRONIC</ClassName>
  </ApplicableClasses>
  <ApplicableTypeValue>IfcProtectiveDeviceTrippingUnit/ELECTRONIC,IfcProtectiveDeviceTrippingUnitType/ELECTRONIC</ApplicableTypeValue>
  <PropertyDefs>
    <PropertyDef>
      <Name>ElectronicTrippingUnitType</Name>
      <Definition>A list of the available types of electronic tripping unit  from which that required may be selected.</Definition>
      <PropertyType>
        <TypePropertyEnumeratedValue>
          <EnumList name="PEnum_ElectronicTrippingUnitType">
            <EnumItem>EP_BM</EnumItem>
            <EnumItem>EP_MP</EnumItem>
            <EnumItem>EP_SC</EnumItem>
            <EnumItem>EP_STD</EnumItem>
            <EnumItem>EP_TIMEDELAYED</EnumItem>
            <EnumItem>OTHER</EnumItem>
            <EnumItem>NOTKNOWN</EnumItem>
            <EnumItem>UNSET</EnumItem>
          </EnumList>
        </TypePropertyEnumeratedValue>
      </PropertyType>
    </PropertyDef>
    <PropertyDef>
      <Name>NominalCurrents</Name>
      <Definition>A set of values providing information on available modules (chips) for setting the nominal current of the protective device.

A set of values providing information on available modules (chips) for setting the nominal current of the protective device. If
the set is empty, no nominal current modules are available for the tripping unit.</Definition>
      <PropertyType>
        <TypePropertyListValue>
          <ListValue>
            <DataType type="IfcElectricCurrentMeasure"/>
          </ListValue>
        </TypePropertyListValue>
      </PropertyType>
    </PropertyDef>
    <PropertyDef>
      <Name>N_Protection</Name>
      <Definition>An indication whether the electronic tripping unit has separate protection for the N conductor, or not.</Definition>
      <PropertyType>
        <TypePropertySingleValue>
          <DataType type="IfcBoolean"/>
        </TypePropertySingleValue>
      </PropertyType>
    </PropertyDef>
    <PropertyDef>
      <Name>N_Protection_50</Name>
      <Definition>An indication whether the electronic tripping unit is tripping if the current in the N conductor is more than 50% of that of the phase conductors. The property is only asserted if the property N_Protection is asserted.</Definition>
      <PropertyType>
        <TypePropertySingleValue>
          <DataType type="IfcBoolean"/>
        </TypePropertySingleValue>
      </PropertyType>
    </PropertyDef>
    <PropertyDef>
      <Name>N_Protection_100</Name>
      <Definition>An indication whether the electronic tripping unit is tripping if the current in the N conductor is more than 100% of that of the phase conductors. The property is only asserted if the property N_Protection is asserted.</Definition>
      <PropertyType>
        <TypePropertySingleValue>
          <DataType type="IfcBoolean"/>
        </TypePropertySingleValue>
      </PropertyType>
    </PropertyDef>
    <PropertyDef>
      <Name>N_Protection_Select</Name>
      <Definition>An indication whether the use of the N_Protection can be selected by the user or not. If both the properties N_Protection_50 and N_Protection_100 are asserted, the value of N_Protection_Select property is set to TRUE. The property is only asserted if the property N_Protection is asserted.</Definition>
      <PropertyType>
        <TypePropertySingleValue>
          <DataType type="IfcBoolean"/>
        </TypePropertySingleValue>
      </PropertyType>
    </PropertyDef>
  </PropertyDefs>
</PropertySetDef>
