<?xml version="1.0" ?>
<PropertySetDef xmlns:xsi="http://www.w3.org/2001/XMLSchema-instance" xmlns:xsd="http://www.w3.org/2001/XMLSchema" templatetype="PSET_OCCURRENCEDRIVEN" xsi:noNamespaceSchemaLocation="http://buildingSMART-tech.org/xml/psd/PSD_IFC4.xsd">
  <IfcVersion version="IFC4X3_ADD2"/>
  <Name>Pset_PumpOccurrence</Name>
  <Definition>Pump occurrence attributes attached to an instance of IfcPump.</Definition>
  <Applicability/>
  <ApplicableClasses>
    <ClassName>IfcPump</ClassName>
  </ApplicableClasses>
  <ApplicableTypeValue>IfcPump</ApplicableTypeValue>
  <PropertyDefs>
    <PropertyDef>
      <Name>ImpellerDiameter</Name>
      <Definition>Diameter of object - used to scale performance of geometrically similar objects.</Definition>
      <PropertyType>
        <TypePropertySingleValue>
          <DataType type="IfcPositiveLengthMeasure"/>
        </TypePropertySingleValue>
      </PropertyType>
    </PropertyDef>
    <PropertyDef>
      <Name>BaseType</Name>
      <Definition>Defines general types of pump bases.FRAME: Frame.
BASE: Base.
NONE: There is no pump base, such as an inline pump.
OTHER: Other type of pump base.</Definition>
      <PropertyType>
        <TypePropertyEnumeratedValue>
          <EnumList name="PEnum_PumpBaseType">
            <EnumItem>BASE</EnumItem>
            <EnumItem>FRAME</EnumItem>
            <EnumItem>NONE</EnumItem>
            <EnumItem>OTHER</EnumItem>
            <EnumItem>NOTKNOWN</EnumItem>
            <EnumItem>UNSET</EnumItem>
          </EnumList>
        </TypePropertyEnumeratedValue>
      </PropertyType>
    </PropertyDef>
    <PropertyDef>
      <Name>DriveConnectionType</Name>
      <Definition>The way the pump drive mechanism is connected to the pump.DIRECTDRIVE: Direct drive.
BELTDRIVE: Belt drive.
COUPLING: Coupling.
OTHER: Other type of drive connection.</Definition>
      <PropertyType>
        <TypePropertyEnumeratedValue>
          <EnumList name="PEnum_PumpDriveConnectionType">
            <EnumItem>BELTDRIVE</EnumItem>
            <EnumItem>COUPLING</EnumItem>
            <EnumItem>DIRECTDRIVE</EnumItem>
            <EnumItem>OTHER</EnumItem>
            <EnumItem>NOTKNOWN</EnumItem>
            <EnumItem>UNSET</EnumItem>
          </EnumList>
        </TypePropertyEnumeratedValue>
      </PropertyType>
    </PropertyDef>
  </PropertyDefs>
</PropertySetDef>
