<?xml version="1.0" ?>
<PropertySetDef xmlns:xsi="http://www.w3.org/2001/XMLSchema-instance" xmlns:xsd="http://www.w3.org/2001/XMLSchema" templatetype="PSET_TYPEDRIVENOVERRIDE" xsi:noNamespaceSchemaLocation="http://buildingSMART-tech.org/xml/psd/PSD_IFC4.xsd">
  <IfcVersion version="IFC4X3_ADD2"/>
  <Name>Pset_ActuatorTypeLinearActuation</Name>
  <Definition>Characteristics of linear actuation of an actuator
History: Replaces Pset_LinearActuator</Definition>
  <Applicability/>
  <ApplicableClasses>
    <ClassName>IfcActuator</ClassName>
    <ClassName>IfcActuatorType</ClassName>
  </ApplicableClasses>
  <ApplicableTypeValue>IfcActuator,IfcActuatorType</ApplicableTypeValue>
  <PropertyDefs>
    <PropertyDef>
      <Name>Force</Name>
      <Definition>Indicates the maximum close-off force for the actuator.</Definition>
      <PropertyType>
        <TypePropertySingleValue>
          <DataType type="IfcForceMeasure"/>
        </TypePropertySingleValue>
      </PropertyType>
    </PropertyDef>
    <PropertyDef>
      <Name>Stroke</Name>
      <Definition>Indicates the maximum distance the actuator must traverse.</Definition>
      <PropertyType>
        <TypePropertySingleValue>
          <DataType type="IfcLengthMeasure"/>
        </TypePropertySingleValue>
      </PropertyType>
    </PropertyDef>
  </PropertyDefs>
</PropertySetDef>
