<?xml version="1.0" ?>
<PropertySetDef xmlns:xsi="http://www.w3.org/2001/XMLSchema-instance" xmlns:xsd="http://www.w3.org/2001/XMLSchema" templatetype="PSET_PERFORMANCEDRIVEN" xsi:noNamespaceSchemaLocation="http://buildingSMART-tech.org/xml/psd/PSD_IFC4.xsd">
  <IfcVersion version="IFC4X3_ADD2"/>
  <Name>Pset_AlarmPHistory</Name>
  <Definition>Properties for history of alarm values.  HISTORY: Added in IFC4.</Definition>
  <Applicability/>
  <ApplicableClasses>
    <ClassName>IfcAlarm</ClassName>
  </ApplicableClasses>
  <ApplicableTypeValue>IfcAlarm</ApplicableTypeValue>
  <PropertyDefs>
    <PropertyDef>
      <Name>Enabled</Name>
      <Definition>Indicates whether alarm is enabled or disabled over time.</Definition>
      <PropertyType>
        <TypePropertyReferenceValue reftype="IfcTimeSeries"/>
      </PropertyType>
    </PropertyDef>
    <PropertyDef>
      <Name>ConditionHistory</Name>
      <Definition>Indicates alarm condition over time.  The range of possible values and their meanings is defined by Pset_AlarmTypeCommon.Condition.  An empty value indicates no present alarm condition.</Definition>
      <PropertyType>
        <TypePropertyReferenceValue reftype="IfcTimeSeries"/>
      </PropertyType>
    </PropertyDef>
    <PropertyDef>
      <Name>Severity</Name>
      <Definition>Indicates alarm severity over time, where the scale of values is determined by the control system configuration.  A zero value indicates no present alarm.</Definition>
      <PropertyType>
        <TypePropertyReferenceValue reftype="IfcTimeSeries"/>
      </PropertyType>
    </PropertyDef>
    <PropertyDef>
      <Name>Acknowledge</Name>
      <Definition>Indicates acknowledgement status where False indicates acknowlegement is required and outstanding, True indicates condition has been acknowedged, and Unknown indicates no acknowledgement is required.  Upon resetting the condition, then acknowledgement reverts to Unknown.</Definition>
      <PropertyType>
        <TypePropertyReferenceValue reftype="IfcTimeSeries"/>
      </PropertyType>
    </PropertyDef>
    <PropertyDef>
      <Name>UserHistory</Name>
      <Definition>Indicates acknowledging user over time by identification corresponding to IfcPerson.Identification on an IfcActor.</Definition>
      <PropertyType>
        <TypePropertyReferenceValue reftype="IfcTimeSeries"/>
      </PropertyType>
    </PropertyDef>
  </PropertyDefs>
</PropertySetDef>
