<?xml version="1.0" ?>
<PropertySetDef xmlns:xsi="http://www.w3.org/2001/XMLSchema-instance" xmlns:xsd="http://www.w3.org/2001/XMLSchema" templatetype="PSET_OCCURRENCEDRIVEN" xsi:noNamespaceSchemaLocation="http://buildingSMART-tech.org/xml/psd/PSD_IFC4.xsd">
  <IfcVersion version="IFC4X3_ADD2"/>
  <Name>Pset_MarineFacilityTransportation</Name>
  <Definition>Properties common to the definition of all occurrences of IfcMarineFacility which are catagorised as transportation facilities such as Ports, marinas etc.</Definition>
  <Applicability/>
  <ApplicableClasses>
    <ClassName>IfcMarineFacility</ClassName>
  </ApplicableClasses>
  <ApplicableTypeValue>IfcMarineFacility</ApplicableTypeValue>
  <PropertyDefs>
    <PropertyDef>
      <Name>Berths</Name>
      <Definition>Number of standard berths within the facility</Definition>
      <PropertyType>
        <TypePropertySingleValue>
          <DataType type="IfcCountMeasure"/>
        </TypePropertySingleValue>
      </PropertyType>
    </PropertyDef>
    <PropertyDef>
      <Name>BerthGrade</Name>
      <Definition>Berth grade</Definition>
      <PropertyType>
        <TypePropertySingleValue>
          <DataType type="IfcLabel"/>
        </TypePropertySingleValue>
      </PropertyType>
    </PropertyDef>
    <PropertyDef>
      <Name>BerthCargoWeight</Name>
      <Definition>Total cargo weight of berths within the facility</Definition>
      <PropertyType>
        <TypePropertySingleValue>
          <DataType type="IfcMassMeasure"/>
        </TypePropertySingleValue>
      </PropertyType>
    </PropertyDef>
  </PropertyDefs>
</PropertySetDef>
