<?xml version="1.0" ?>
<PropertySetDef xmlns:xsi="http://www.w3.org/2001/XMLSchema-instance" xmlns:xsd="http://www.w3.org/2001/XMLSchema" templatetype="PSET_TYPEDRIVENOVERRIDE" xsi:noNamespaceSchemaLocation="http://buildingSMART-tech.org/xml/psd/PSD_IFC4.xsd">
  <IfcVersion version="IFC4X3_ADD2"/>
  <Name>Pset_BoundedCourseCommon</Name>
  <Definition>Properties for a bounded course.</Definition>
  <Applicability/>
  <ApplicableClasses>
    <ClassName>IfcCourse</ClassName>
    <ClassName>IfcCourseType</ClassName>
  </ApplicableClasses>
  <ApplicableTypeValue>IfcCourse,IfcCourseType</ApplicableTypeValue>
  <PropertyDefs>
    <PropertyDef>
      <Name>SpreadingRate</Name>
      <Definition>The nominal overall mass of material per area covered by the course.</Definition>
      <PropertyType>
        <TypePropertySingleValue>
          <DataType type="IfcNumericMeasure"/>
        </TypePropertySingleValue>
      </PropertyType>
    </PropertyDef>
  </PropertyDefs>
</PropertySetDef>
