<?xml version="1.0" ?>
<PropertySetDef xmlns:xsi="http://www.w3.org/2001/XMLSchema-instance" xmlns:xsd="http://www.w3.org/2001/XMLSchema" templatetype="PSET_TYPEDRIVENOVERRIDE" xsi:noNamespaceSchemaLocation="http://buildingSMART-tech.org/xml/psd/PSD_IFC4.xsd">
  <IfcVersion version="IFC4X3_ADD2"/>
  <Name>Pset_DiscreteAccessoryTypeInsulator</Name>
  <Definition>Properties of an insulator. The property set can be used by the predefined type INSULATOR of IfcDiscreteAccessory.</Definition>
  <Applicability/>
  <ApplicableClasses>
    <ClassName>IfcDiscreteAccessory/INSULATOR</ClassName>
    <ClassName>IfcDiscreteAccessoryType/INSULATOR</ClassName>
  </ApplicableClasses>
  <ApplicableTypeValue>IfcDiscreteAccessory/INSULATOR,IfcDiscreteAccessoryType/INSULATOR</ApplicableTypeValue>
  <PropertyDefs>
    <PropertyDef>
      <Name>RatedCurrent</Name>
      <Definition>The current that a device is designed to handle.</Definition>
      <PropertyType>
        <TypePropertyBoundedValue>
          <DataType type="IfcElectricCurrentMeasure"/>
        </TypePropertyBoundedValue>
      </PropertyType>
    </PropertyDef>
    <PropertyDef>
      <Name>RatedVoltage</Name>
      <Definition>The range of allowed voltage that a device is certified to handle. The upper bound of this value is the maximum.</Definition>
      <PropertyType>
        <TypePropertyBoundedValue>
          <DataType type="IfcElectricVoltageMeasure"/>
        </TypePropertyBoundedValue>
      </PropertyType>
    </PropertyDef>
    <PropertyDef>
      <Name>InsulationVoltage</Name>
      <Definition>The insulation voltage.

The max voltage for normal insulation operation.</Definition>
      <PropertyType>
        <TypePropertySingleValue>
          <DataType type="IfcElectricVoltageMeasure"/>
        </TypePropertySingleValue>
      </PropertyType>
    </PropertyDef>
    <PropertyDef>
      <Name>BreakdownVoltageTolerance</Name>
      <Definition>Nominal value of the spark gap breakdown voltage tolerance.</Definition>
      <PropertyType>
        <TypePropertySingleValue>
          <DataType type="IfcElectricVoltageMeasure"/>
        </TypePropertySingleValue>
      </PropertyType>
    </PropertyDef>
    <PropertyDef>
      <Name>InsulationMethod</Name>
      <Definition>The method used to insulate.</Definition>
      <PropertyType>
        <TypePropertyEnumeratedValue>
          <EnumList name="PEnum_InsulatorType">
            <EnumItem>LONGRODINSULATOR</EnumItem>
            <EnumItem>PININSULATOR</EnumItem>
            <EnumItem>POSTINSULATOR</EnumItem>
            <EnumItem>OTHER</EnumItem>
            <EnumItem>NOTKNOWN</EnumItem>
            <EnumItem>UNSET</EnumItem>
          </EnumList>
        </TypePropertyEnumeratedValue>
      </PropertyType>
    </PropertyDef>
    <PropertyDef>
      <Name>OperationalTemperatureRange</Name>
      <Definition>The temperature range in which the device operates normally.</Definition>
      <PropertyType>
        <TypePropertyBoundedValue>
          <DataType type="IfcThermodynamicTemperatureMeasure"/>
        </TypePropertyBoundedValue>
      </PropertyType>
    </PropertyDef>
    <PropertyDef>
      <Name>CreepageDistance</Name>
      <Definition>Shortest distance or the sum of the shortest distances along the surface on an insulator between two conductive parts which normally have the operating voltage between them. (IEV ref 471-01-04)</Definition>
      <PropertyType>
        <TypePropertySingleValue>
          <DataType type="IfcPositiveLengthMeasure"/>
        </TypePropertySingleValue>
      </PropertyType>
    </PropertyDef>
    <PropertyDef>
      <Name>InstallationMethod</Name>
      <Definition>Method of installation of cable/conductor. Installation methods are typically defined by reference in standards such as IEC 60364-5-52, table 52A-1 or BS7671 Appendix 4 Table 4A1 etc. Selection of the value to be used should be determined from such a standard according to local usage.</Definition>
      <PropertyType>
        <TypePropertySingleValue>
          <DataType type="IfcLabel"/>
        </TypePropertySingleValue>
      </PropertyType>
    </PropertyDef>
    <PropertyDef>
      <Name>LightningPeakVoltage</Name>
      <Definition>The peak lightning voltage that the insulator could withstand.</Definition>
      <PropertyType>
        <TypePropertySingleValue>
          <DataType type="IfcElectricVoltageMeasure"/>
        </TypePropertySingleValue>
      </PropertyType>
    </PropertyDef>
    <PropertyDef>
      <Name>BendingStrength</Name>
      <Definition>Bending strength.</Definition>
      <PropertyType>
        <TypePropertySingleValue>
          <DataType type="IfcPressureMeasure"/>
        </TypePropertySingleValue>
      </PropertyType>
    </PropertyDef>
    <PropertyDef>
      <Name>RMSWithstandVoltage</Name>
      <Definition>Rms value of sinusoidal power frequency voltage that the insulation of the given equipment can withstand during tests made under specified conditions and for a specified duration. (IEV ref 614-03-22）</Definition>
      <PropertyType>
        <TypePropertySingleValue>
          <DataType type="IfcElectricVoltageMeasure"/>
        </TypePropertySingleValue>
      </PropertyType>
    </PropertyDef>
    <PropertyDef>
      <Name>Voltage</Name>
      <Definition>The actual voltage and operable range.</Definition>
      <PropertyType>
        <TypePropertyBoundedValue>
          <DataType type="IfcElectricVoltageMeasure"/>
        </TypePropertyBoundedValue>
      </PropertyType>
    </PropertyDef>
  </PropertyDefs>
</PropertySetDef>
