<?xml version="1.0" ?>
<PropertySetDef xmlns:xsi="http://www.w3.org/2001/XMLSchema-instance" xmlns:xsd="http://www.w3.org/2001/XMLSchema" templatetype="PSET_TYPEDRIVENOVERRIDE" xsi:noNamespaceSchemaLocation="http://buildingSMART-tech.org/xml/psd/PSD_IFC4.xsd">
  <IfcVersion version="IFC4X3_ADD2"/>
  <Name>Pset_DoorWindowGlazingType</Name>
  <Definition>Properties common to the definition of the glazing component of occurrences of IfcDoor and IfcWindow, used for thermal and lighting calculations.</Definition>
  <Applicability/>
  <ApplicableClasses>
    <ClassName>IfcDoor</ClassName>
    <ClassName>IfcWindow</ClassName>
    <ClassName>IfcDoorType</ClassName>
    <ClassName>IfcWindowType</ClassName>
  </ApplicableClasses>
  <ApplicableTypeValue>IfcDoor,IfcWindow,IfcDoorType,IfcWindowType</ApplicableTypeValue>
  <PropertyDefs>
    <PropertyDef>
      <Name>GlassLayers</Name>
      <Definition>Number of glass layers within the frame. E.g. &quot;2&quot; for double glazing.</Definition>
      <PropertyType>
        <TypePropertySingleValue>
          <DataType type="IfcCountMeasure"/>
        </TypePropertySingleValue>
      </PropertyType>
    </PropertyDef>
    <PropertyDef>
      <Name>GlassThickness1</Name>
      <Definition>Thickness of the first (inner) glass layer.</Definition>
      <PropertyType>
        <TypePropertySingleValue>
          <DataType type="IfcPositiveLengthMeasure"/>
        </TypePropertySingleValue>
      </PropertyType>
    </PropertyDef>
    <PropertyDef>
      <Name>GlassThickness2</Name>
      <Definition>Thickness of the second (intermediate or outer) glass layer.</Definition>
      <PropertyType>
        <TypePropertySingleValue>
          <DataType type="IfcPositiveLengthMeasure"/>
        </TypePropertySingleValue>
      </PropertyType>
    </PropertyDef>
    <PropertyDef>
      <Name>GlassThickness3</Name>
      <Definition>Thickness of the third (outer) glass layer.</Definition>
      <PropertyType>
        <TypePropertySingleValue>
          <DataType type="IfcPositiveLengthMeasure"/>
        </TypePropertySingleValue>
      </PropertyType>
    </PropertyDef>
    <PropertyDef>
      <Name>FillGas</Name>
      <Definition>Name of the gas by which the gap between two glass layers is filled. It is given for information purposes only.</Definition>
      <PropertyType>
        <TypePropertySingleValue>
          <DataType type="IfcLabel"/>
        </TypePropertySingleValue>
      </PropertyType>
    </PropertyDef>
    <PropertyDef>
      <Name>GlassColour</Name>
      <Definition>Colour (tint) selection for this glazing. It is given for information purposes only.</Definition>
      <PropertyType>
        <TypePropertySingleValue>
          <DataType type="IfcLabel"/>
        </TypePropertySingleValue>
      </PropertyType>
    </PropertyDef>
    <PropertyDef>
      <Name>IsTempered</Name>
      <Definition>Indication whether the glass is tempered (TRUE) or not (FALSE) .</Definition>
      <PropertyType>
        <TypePropertySingleValue>
          <DataType type="IfcBoolean"/>
        </TypePropertySingleValue>
      </PropertyType>
    </PropertyDef>
    <PropertyDef>
      <Name>IsLaminated</Name>
      <Definition>Indication whether the glass is layered with other materials (TRUE) or not (FALSE).</Definition>
      <PropertyType>
        <TypePropertySingleValue>
          <DataType type="IfcBoolean"/>
        </TypePropertySingleValue>
      </PropertyType>
    </PropertyDef>
    <PropertyDef>
      <Name>IsCoated</Name>
      <Definition>Indication whether the glass is coated with a material (TRUE) or not (FALSE).</Definition>
      <PropertyType>
        <TypePropertySingleValue>
          <DataType type="IfcBoolean"/>
        </TypePropertySingleValue>
      </PropertyType>
    </PropertyDef>
    <PropertyDef>
      <Name>IsWired</Name>
      <Definition>Indication whether the glass includes a contained wire mesh to prevent break-in (TRUE) or not (FALSE)</Definition>
      <PropertyType>
        <TypePropertySingleValue>
          <DataType type="IfcBoolean"/>
        </TypePropertySingleValue>
      </PropertyType>
    </PropertyDef>
    <PropertyDef>
      <Name>VisibleLightReflectance</Name>
      <Definition>Fraction of the visible light that is reflected by the glazing at normal incidence. It is a value without unit.</Definition>
      <PropertyType>
        <TypePropertySingleValue>
          <DataType type="IfcNormalisedRatioMeasure"/>
        </TypePropertySingleValue>
      </PropertyType>
    </PropertyDef>
    <PropertyDef>
      <Name>VisibleLightTransmittance</Name>
      <Definition>Fraction of the visible light that passes the object at normal incidence. It is a value without unit.</Definition>
      <PropertyType>
        <TypePropertySingleValue>
          <DataType type="IfcNormalisedRatioMeasure"/>
        </TypePropertySingleValue>
      </PropertyType>
    </PropertyDef>
    <PropertyDef>
      <Name>SolarAbsorption</Name>
      <Definition>(Asol) The ratio of incident solar radiation that is absorbed by a glazing system. It is the sum of the absorption distributed to the exterior (a) and to the interior (qi). Note the following equation Asol + Rsol + Tsol = 1</Definition>
      <PropertyType>
        <TypePropertySingleValue>
          <DataType type="IfcNormalisedRatioMeasure"/>
        </TypePropertySingleValue>
      </PropertyType>
    </PropertyDef>
    <PropertyDef>
      <Name>SolarReflectance</Name>
      <Definition>(Rsol): The ratio of incident solar radiation that is reflected by a glazing system (also named ρe). Note the following equation Asol + Rsol + Tsol = 1</Definition>
      <PropertyType>
        <TypePropertySingleValue>
          <DataType type="IfcNormalisedRatioMeasure"/>
        </TypePropertySingleValue>
      </PropertyType>
    </PropertyDef>
    <PropertyDef>
      <Name>SolarTransmittance</Name>
      <Definition>The ratio of incident solar radiation that directly passes through a system (also named τe). Note the following equation Asol + Rsol + Tsol = 1</Definition>
      <PropertyType>
        <TypePropertySingleValue>
          <DataType type="IfcNormalisedRatioMeasure"/>
        </TypePropertySingleValue>
      </PropertyType>
    </PropertyDef>
    <PropertyDef>
      <Name>SolarHeatGainTransmittance</Name>
      <Definition>(SHGC): The ratio of incident solar radiation that contributes to the heat gain of the interior, it is the solar radiation that directly passes (Tsol or τe) plus the part of the absorbed radiation that is distributed to the interior (qi). The SHGC is referred to also as g-value (g = τe + qi).</Definition>
      <PropertyType>
        <TypePropertySingleValue>
          <DataType type="IfcNormalisedRatioMeasure"/>
        </TypePropertySingleValue>
      </PropertyType>
    </PropertyDef>
    <PropertyDef>
      <Name>ShadingCoefficient</Name>
      <Definition>(SC): The measure of the ability of a glazing to transmit solar heat, relative to that ability for 3 mm (1/8-inch) clear, double-strength, single glass. Shading coefficient is being phased out in favor of the solar heat gain coefficient (SHGC), and is approximately equal to the SHGC multiplied by 1.15. The shading coefficient is expressed as a number without units between 0 and 1.</Definition>
      <PropertyType>
        <TypePropertySingleValue>
          <DataType type="IfcNormalisedRatioMeasure"/>
        </TypePropertySingleValue>
      </PropertyType>
    </PropertyDef>
    <PropertyDef>
      <Name>ThermalTransmittanceSummer</Name>
      <Definition>Thermal transmittance coefficient (U-Value) of a material.
Summer thermal transmittance coefficient of the glazing only, often referred to as (U-value).</Definition>
      <PropertyType>
        <TypePropertySingleValue>
          <DataType type="IfcThermalTransmittanceMeasure"/>
        </TypePropertySingleValue>
      </PropertyType>
    </PropertyDef>
    <PropertyDef>
      <Name>ThermalTransmittanceWinter</Name>
      <Definition>Thermal transmittance coefficient (U-Value) of a material.
Winter thermal transmittance coefficient of the glazing only, often referred to as (U-value).</Definition>
      <PropertyType>
        <TypePropertySingleValue>
          <DataType type="IfcThermalTransmittanceMeasure"/>
        </TypePropertySingleValue>
      </PropertyType>
    </PropertyDef>
  </PropertyDefs>
</PropertySetDef>
