<?xml version="1.0" ?>
<PropertySetDef xmlns:xsi="http://www.w3.org/2001/XMLSchema-instance" xmlns:xsd="http://www.w3.org/2001/XMLSchema" templatetype="PSET_TYPEDRIVENOVERRIDE" xsi:noNamespaceSchemaLocation="http://buildingSMART-tech.org/xml/psd/PSD_IFC4.xsd">
  <IfcVersion version="IFC4X3_ADD2"/>
  <Name>Pset_SensorTypeFrostSensor</Name>
  <Definition>A device that senses or detects the presence of frost.</Definition>
  <Applicability/>
  <ApplicableClasses>
    <ClassName>IfcSensor/FROSTSENSOR</ClassName>
    <ClassName>IfcSensorType/FROSTSENSOR</ClassName>
  </ApplicableClasses>
  <ApplicableTypeValue>IfcSensor/FROSTSENSOR,IfcSensorType/FROSTSENSOR</ApplicableTypeValue>
  <PropertyDefs>
    <PropertyDef>
      <Name>SetPointFrost</Name>
      <Definition>The detection of frost.</Definition>
      <PropertyType>
        <TypePropertyBoundedValue>
          <DataType type="IfcPositiveRatioMeasure"/>
        </TypePropertyBoundedValue>
      </PropertyType>
    </PropertyDef>
  </PropertyDefs>
</PropertySetDef>
