<?xml version="1.0" ?>
<PropertySetDef xmlns:xsi="http://www.w3.org/2001/XMLSchema-instance" xmlns:xsd="http://www.w3.org/2001/XMLSchema" templatetype="PSET_OCCURRENCEDRIVEN" xsi:noNamespaceSchemaLocation="http://buildingSMART-tech.org/xml/psd/PSD_IFC4.xsd">
  <IfcVersion version="IFC4X3_ADD2"/>
  <Name>Pset_ManufacturerOccurrence</Name>
  <Definition>Defines properties of individual instances of manufactured products that may be given by the manufacturer.
HISTORY: IFC 2x4: AssemblyPlace property added. This property does not need to be asserted if Pset_ManufacturerTypeInformation is allocated to the type and the AssemblyPlace property is asserted there.</Definition>
  <Applicability/>
  <ApplicableClasses>
    <ClassName>IfcElement</ClassName>
  </ApplicableClasses>
  <ApplicableTypeValue>IfcElement</ApplicableTypeValue>
  <PropertyDefs>
    <PropertyDef>
      <Name>AcquisitionDate</Name>
      <Definition>The date that the manufactured item was purchased.</Definition>
      <PropertyType>
        <TypePropertySingleValue>
          <DataType type="IfcDate"/>
        </TypePropertySingleValue>
      </PropertyType>
    </PropertyDef>
    <PropertyDef>
      <Name>BarCode</Name>
      <Definition>The identity of the bar code given to an occurrence of the product.</Definition>
      <PropertyType>
        <TypePropertySingleValue>
          <DataType type="IfcIdentifier"/>
        </TypePropertySingleValue>
      </PropertyType>
    </PropertyDef>
    <PropertyDef>
      <Name>SerialNumber</Name>
      <Definition>The manufacturer's serial number assigned to an occurrence of a product.</Definition>
      <PropertyType>
        <TypePropertySingleValue>
          <DataType type="IfcIdentifier"/>
        </TypePropertySingleValue>
      </PropertyType>
    </PropertyDef>
    <PropertyDef>
      <Name>BatchReference</Name>
      <Definition>The identity of the batch reference from which an occurrence of a product is taken.</Definition>
      <PropertyType>
        <TypePropertySingleValue>
          <DataType type="IfcIdentifier"/>
        </TypePropertySingleValue>
      </PropertyType>
    </PropertyDef>
    <PropertyDef>
      <Name>AssemblyPlace</Name>
      <Definition>Enumeration defining where the assembly is intended to take place, either in a factory, other offsite location or on the building site.</Definition>
      <PropertyType>
        <TypePropertyEnumeratedValue>
          <EnumList name="PEnum_AssemblyPlace">
            <EnumItem>FACTORY</EnumItem>
            <EnumItem>OFFSITE</EnumItem>
            <EnumItem>SITE</EnumItem>
            <EnumItem>OTHER</EnumItem>
            <EnumItem>NOTKNOWN</EnumItem>
            <EnumItem>UNSET</EnumItem>
          </EnumList>
        </TypePropertyEnumeratedValue>
      </PropertyType>
    </PropertyDef>
    <PropertyDef>
      <Name>ManufacturingDate</Name>
      <Definition>Date on which the element was manufactured.</Definition>
      <PropertyType>
        <TypePropertySingleValue>
          <DataType type="IfcDate"/>
        </TypePropertySingleValue>
      </PropertyType>
    </PropertyDef>
  </PropertyDefs>
</PropertySetDef>
