<?xml version="1.0" ?>
<PropertySetDef xmlns:xsi="http://www.w3.org/2001/XMLSchema-instance" xmlns:xsd="http://www.w3.org/2001/XMLSchema" templatetype="PSET_TYPEDRIVENOVERRIDE" xsi:noNamespaceSchemaLocation="http://buildingSMART-tech.org/xml/psd/PSD_IFC4.xsd">
  <IfcVersion version="IFC4X3_ADD2"/>
  <Name>Pset_SensorTypeIonConcentrationSensor</Name>
  <Definition>A device that senses or detects ion concentration such as water hardness. HISTORY: Added in IFC4.</Definition>
  <Applicability/>
  <ApplicableClasses>
    <ClassName>IfcSensor/IONCONCENTRATIONSENSOR</ClassName>
    <ClassName>IfcSensorType/IONCONCENTRATIONSENSOR</ClassName>
  </ApplicableClasses>
  <ApplicableTypeValue>IfcSensor/IONCONCENTRATIONSENSOR,IfcSensorType/IONCONCENTRATIONSENSOR</ApplicableTypeValue>
  <PropertyDefs>
    <PropertyDef>
      <Name>SubstanceDetected</Name>
      <Definition>Identification of the substance that is being detected according to chemical formula.  For example, calcium carbonate is 'CaCO3'</Definition>
      <PropertyType>
        <TypePropertySingleValue>
          <DataType type="IfcLabel"/>
        </TypePropertySingleValue>
      </PropertyType>
    </PropertyDef>
    <PropertyDef>
      <Name>SetPointIonConcentration</Name>
      <Definition>The ion concentration value to be sensed. Use IfcPropertyBoundedValue.SetPointValue to set the set point value.</Definition>
      <PropertyType>
        <TypePropertyBoundedValue>
          <DataType type="IfcIonConcentrationMeasure"/>
        </TypePropertyBoundedValue>
      </PropertyType>
    </PropertyDef>
  </PropertyDefs>
</PropertySetDef>
