<?xml version="1.0" ?>
<PropertySetDef xmlns:xsi="http://www.w3.org/2001/XMLSchema-instance" xmlns:xsd="http://www.w3.org/2001/XMLSchema" templatetype="PSET_TYPEDRIVENOVERRIDE" xsi:noNamespaceSchemaLocation="http://buildingSMART-tech.org/xml/psd/PSD_IFC4.xsd">
  <IfcVersion version="IFC4X3_ADD2"/>
  <Name>Pset_ProtectiveDeviceTypeFuseDisconnector</Name>
  <Definition>A coherent set of attributes representing the breaking capacity of a fuse, defined in accordance with IEC 60269. Note - A protective device may be associated with different instances of this pSet providing information related to different  basic characteristics.</Definition>
  <Applicability/>
  <ApplicableClasses>
    <ClassName>IfcProtectiveDevice/FUSEDISCONNECTOR</ClassName>
    <ClassName>IfcProtectiveDeviceType/FUSEDISCONNECTOR</ClassName>
  </ApplicableClasses>
  <ApplicableTypeValue>IfcProtectiveDevice/FUSEDISCONNECTOR,IfcProtectiveDeviceType/FUSEDISCONNECTOR</ApplicableTypeValue>
  <PropertyDefs>
    <PropertyDef>
      <Name>FuseDisconnectorType</Name>
      <Definition>A list of the available types of fuse disconnector from which that required may be selected where:EngineProtectionDevice: A fuse whose characteristic is specifically designed for the protection of a motor or generator.
FuseSwitchDisconnector: A switch disconnector in which a fuse link or a fuse carrier with fuse link forms the moving contact,
HRC: A standard fuse (High Rupturing Capacity)
OverloadProtectionDevice: A device that disconnects the supply when the operating conditions in an electrically undamaged circuit causes an overcurrent,
SemiconductorFuse: A fuse whose characteristic is specifically designed for the protection of sem-conductor devices.
SwitchDisconnectorFuse: A switch disconnector in which one or more poles have a fuse in series in a composite unit.</Definition>
      <PropertyType>
        <TypePropertyEnumeratedValue>
          <EnumList name="PEnum_FuseDisconnectorType">
            <EnumItem>ENGINEPROTECTIONDEVICE</EnumItem>
            <EnumItem>FUSEDSWITCH</EnumItem>
            <EnumItem>HRC</EnumItem>
            <EnumItem>OVERLOADPROTECTIONDEVICE</EnumItem>
            <EnumItem>SWITCHDISCONNECTORFUSE</EnumItem>
            <EnumItem>OTHER</EnumItem>
            <EnumItem>NOTKNOWN</EnumItem>
            <EnumItem>UNSET</EnumItem>
          </EnumList>
        </TypePropertyEnumeratedValue>
      </PropertyType>
    </PropertyDef>
    <PropertyDef>
      <Name>VoltageLevel</Name>
      <Definition>The voltage levels for which the data of the instance is valid. More than one value may be selected in the enumeration.</Definition>
      <PropertyType>
        <TypePropertyEnumeratedValue>
          <EnumList name="PEnum_VoltageLevels">
            <EnumItem>U1000</EnumItem>
            <EnumItem>U230</EnumItem>
            <EnumItem>U400</EnumItem>
            <EnumItem>U440</EnumItem>
            <EnumItem>U525</EnumItem>
            <EnumItem>U690</EnumItem>
            <EnumItem>OTHER</EnumItem>
            <EnumItem>NOTKNOWN</EnumItem>
            <EnumItem>UNSET</EnumItem>
          </EnumList>
        </TypePropertyEnumeratedValue>
      </PropertyType>
    </PropertyDef>
    <PropertyDef>
      <Name>IC60269</Name>
      <Definition>The breaking capacity in [A] for fuses in accordance with the IEC 60269 series.</Definition>
      <PropertyType>
        <TypePropertySingleValue>
          <DataType type="IfcElectricCurrentMeasure"/>
        </TypePropertySingleValue>
      </PropertyType>
    </PropertyDef>
    <PropertyDef>
      <Name>PowerLoss</Name>
      <Definition>The power loss in [W].

The power loss in [W] of the fuse when the nominal current is flowing through the fuse.</Definition>
      <PropertyType>
        <TypePropertySingleValue>
          <DataType type="IfcPowerMeasure"/>
        </TypePropertySingleValue>
      </PropertyType>
    </PropertyDef>
    <PropertyDef>
      <Name>NumberOfPhases</Name>
      <Definition>Number of phases that the equipment operates on.</Definition>
      <PropertyType>
        <TypePropertySingleValue>
          <DataType type="IfcCountMeasure"/>
        </TypePropertySingleValue>
      </PropertyType>
    </PropertyDef>
    <PropertyDef>
      <Name>ReferenceEnvironmentTemperature</Name>
      <Definition>Ideal temperature range.</Definition>
      <PropertyType>
        <TypePropertyBoundedValue>
          <DataType type="IfcThermodynamicTemperatureMeasure"/>
        </TypePropertyBoundedValue>
      </PropertyType>
    </PropertyDef>
    <PropertyDef>
      <Name>BreakingCapacity</Name>
      <Definition>The current that a fuse, circuit breaker, or other electrical apparatus is able to interrupt without being destroyed or causing an electric arc with unacceptable duration.</Definition>
      <PropertyType>
        <TypePropertySingleValue>
          <DataType type="IfcElectricCurrentMeasure"/>
        </TypePropertySingleValue>
      </PropertyType>
    </PropertyDef>
    <PropertyDef>
      <Name>ArcExtinctionType</Name>
      <Definition>Type of arc extinction used.</Definition>
      <PropertyType>
        <TypePropertySingleValue>
          <DataType type="IfcLabel"/>
        </TypePropertySingleValue>
      </PropertyType>
    </PropertyDef>
    <PropertyDef>
      <Name>NumberOfPoles</Name>
      <Definition>Number of poles that the object would affect.

Number of poles that the equipment would affect.</Definition>
      <PropertyType>
        <TypePropertySingleValue>
          <DataType type="IfcCountMeasure"/>
        </TypePropertySingleValue>
      </PropertyType>
    </PropertyDef>
    <PropertyDef>
      <Name>TransformationRatio</Name>
      <Definition>The ratio of the actual primary current or voltage to the actual secondary current or voltage.</Definition>
      <PropertyType>
        <TypePropertySingleValue>
          <DataType type="IfcRatioMeasure"/>
        </TypePropertySingleValue>
      </PropertyType>
    </PropertyDef>
    <PropertyDef>
      <Name>NominalFrequency</Name>
      <Definition>The nominal frequency of the supply.</Definition>
      <PropertyType>
        <TypePropertySingleValue>
          <DataType type="IfcFrequencyMeasure"/>
        </TypePropertySingleValue>
      </PropertyType>
    </PropertyDef>
    <PropertyDef>
      <Name>NominalCurrent</Name>
      <Definition>The nominal current that is designed to be measured.</Definition>
      <PropertyType>
        <TypePropertySingleValue>
          <DataType type="IfcElectricCurrentMeasure"/>
        </TypePropertySingleValue>
      </PropertyType>
    </PropertyDef>
    <PropertyDef>
      <Name>RatedVoltage</Name>
      <Definition>The range of allowed voltage that a device is certified to handle. The upper bound of this value is the maximum.</Definition>
      <PropertyType>
        <TypePropertyBoundedValue>
          <DataType type="IfcElectricVoltageMeasure"/>
        </TypePropertyBoundedValue>
      </PropertyType>
    </PropertyDef>
  </PropertyDefs>
</PropertySetDef>
