<?xml version="1.0" ?>
<PropertySetDef xmlns:xsi="http://www.w3.org/2001/XMLSchema-instance" xmlns:xsd="http://www.w3.org/2001/XMLSchema" templatetype="PSET_TYPEDRIVENOVERRIDE" xsi:noNamespaceSchemaLocation="http://buildingSMART-tech.org/xml/psd/PSD_IFC4.xsd">
  <IfcVersion version="IFC4X3_ADD2"/>
  <Name>Pset_FlowMeterTypeEnergyMeter</Name>
  <Definition>Device that measures, indicates and sometimes records, the energy usage in a system.</Definition>
  <Applicability/>
  <ApplicableClasses>
    <ClassName>IfcFlowMeter/ENERGYMETER</ClassName>
    <ClassName>IfcFlowMeterType/ENERGYMETER</ClassName>
  </ApplicableClasses>
  <ApplicableTypeValue>IfcFlowMeter/ENERGYMETER,IfcFlowMeterType/ENERGYMETER</ApplicableTypeValue>
  <PropertyDefs>
    <PropertyDef>
      <Name>NominalCurrent</Name>
      <Definition>The nominal current that is designed to be measured.</Definition>
      <PropertyType>
        <TypePropertySingleValue>
          <DataType type="IfcElectricCurrentMeasure"/>
        </TypePropertySingleValue>
      </PropertyType>
    </PropertyDef>
    <PropertyDef>
      <Name>MaximumCurrent</Name>
      <Definition>The maximum allowed current that a device is certified to handle.</Definition>
      <PropertyType>
        <TypePropertySingleValue>
          <DataType type="IfcElectricCurrentMeasure"/>
        </TypePropertySingleValue>
      </PropertyType>
    </PropertyDef>
    <PropertyDef>
      <Name>MultipleTarriff</Name>
      <Definition>Indicates whether meter has built-in support for multiple tarriffs (variable energy cost rates).</Definition>
      <PropertyType>
        <TypePropertySingleValue>
          <DataType type="IfcBoolean"/>
        </TypePropertySingleValue>
      </PropertyType>
    </PropertyDef>
  </PropertyDefs>
</PropertySetDef>
