<?xml version="1.0" ?>
<PropertySetDef xmlns:xsi="http://www.w3.org/2001/XMLSchema-instance" xmlns:xsd="http://www.w3.org/2001/XMLSchema" templatetype="PSET_OCCURRENCEDRIVEN" xsi:noNamespaceSchemaLocation="http://buildingSMART-tech.org/xml/psd/PSD_IFC4.xsd">
  <IfcVersion version="IFC4X3_ADD2"/>
  <Name>Pset_ActionRequest</Name>
  <Definition>An action request is a request for an action to fulfill a need.  HISTORY: IFC4: Removed RequestSourceType, RequestDescription, Status</Definition>
  <Applicability/>
  <ApplicableClasses>
    <ClassName>IfcActionRequest</ClassName>
  </ApplicableClasses>
  <ApplicableTypeValue>IfcActionRequest</ApplicableTypeValue>
  <PropertyDefs>
    <PropertyDef>
      <Name>RequestSourceLabel</Name>
      <Definition>A specific name or label that further qualifies the identity of a request source. In the event of an email, this may be the email address.</Definition>
      <PropertyType>
        <TypePropertySingleValue>
          <DataType type="IfcLabel"/>
        </TypePropertySingleValue>
      </PropertyType>
    </PropertyDef>
    <PropertyDef>
      <Name>RequestSourceName</Name>
      <Definition>The person making the request, where known.</Definition>
      <PropertyType>
        <TypePropertyReferenceValue reftype="IfcPerson"/>
      </PropertyType>
    </PropertyDef>
    <PropertyDef>
      <Name>RequestComments</Name>
      <Definition>Comments that may be made on the request.</Definition>
      <PropertyType>
        <TypePropertySingleValue>
          <DataType type="IfcText"/>
        </TypePropertySingleValue>
      </PropertyType>
    </PropertyDef>
  </PropertyDefs>
</PropertySetDef>
