<?xml version="1.0" ?>
<PropertySetDef xmlns:xsi="http://www.w3.org/2001/XMLSchema-instance" xmlns:xsd="http://www.w3.org/2001/XMLSchema" templatetype="PSET_TYPEDRIVENOVERRIDE" xsi:noNamespaceSchemaLocation="http://buildingSMART-tech.org/xml/psd/PSD_IFC4.xsd">
  <IfcVersion version="IFC4X3_ADD2"/>
  <Name>Pset_DoorLiningProperties</Name>
  <Definition>Properties of the door lining.HISTORY New property set in IFC4.3.2.0 to replace the entity IfcDoorLiningProperties</Definition>
  <Applicability/>
  <ApplicableClasses>
    <ClassName>IfcDoor</ClassName>
    <ClassName>IfcMember</ClassName>
    <ClassName>IfcDoorType</ClassName>
    <ClassName>IfcMemberType</ClassName>
  </ApplicableClasses>
  <ApplicableTypeValue>IfcDoor,IfcMember,IfcDoorType,IfcMemberType</ApplicableTypeValue>
  <PropertyDefs>
    <PropertyDef>
      <Name>LiningDepth</Name>
      <Definition>The depth of the lining.

For a door, it is the depth of the door lining, measured perpendicular to the plane of the door lining. If omitted (and with a given value to lining thickness) it indicates an adjustable depth (i.e. a depth that adjusts to the thickness of the wall into which the occurrence of this door style is inserted).</Definition>
      <PropertyType>
        <TypePropertySingleValue>
          <DataType type="IfcPositiveLengthMeasure"/>
        </TypePropertySingleValue>
      </PropertyType>
    </PropertyDef>
    <PropertyDef>
      <Name>LiningThickness</Name>
      <Definition>Thickness of the lining.

For a door, it is the thickness of the door lining as explained in the figure above. If LiningThickness value is 0. (zero) it denotes a door without a lining (all other lining parameters shall be set to NIL in this case). If the LiningThickness is NIL it denotes that the value is not available.</Definition>
      <PropertyType>
        <TypePropertySingleValue>
          <DataType type="IfcNonNegativeLengthMeasure"/>
        </TypePropertySingleValue>
      </PropertyType>
    </PropertyDef>
    <PropertyDef>
      <Name>ThresholdDepth</Name>
      <Definition>Depth (dimension in plane perpendicular to door leaf) of the door threshold. Only given if the door lining includes a threshold. If omitted (and with a given value to threshold thickness) it indicates an adjustable depth (i.e. a depth that adjusts to the thickness of the wall into which the occurrence of this door style is inserted).</Definition>
      <PropertyType>
        <TypePropertySingleValue>
          <DataType type="IfcPositiveLengthMeasure"/>
        </TypePropertySingleValue>
      </PropertyType>
    </PropertyDef>
    <PropertyDef>
      <Name>ThresholdThickness</Name>
      <Definition>Thickness of the door threshold as explained in the figure above. If ThresholdThickness value is 0. (zero) it denotes a door without a threshold (ThresholdDepth shall be set to NIL in this case). If the ThresholdThickness is NIL it denotes that the information about a threshold is not available.</Definition>
      <PropertyType>
        <TypePropertySingleValue>
          <DataType type="IfcNonNegativeLengthMeasure"/>
        </TypePropertySingleValue>
      </PropertyType>
    </PropertyDef>
    <PropertyDef>
      <Name>TransomThickness</Name>
      <Definition>Thickness of the transom.

For a door, it is the thickness (width in plane parallel to door leaf) of the transom (if provided - that is, if the TransomOffset attribute is set), which divides the door leaf from a glazing (or window) above. If the TransomThickness is set to zero (and the TransomOffset set to a positive length), then the door is divided vertically into a leaf and transom window area without a physical frame.</Definition>
      <PropertyType>
        <TypePropertySingleValue>
          <DataType type="IfcNonNegativeLengthMeasure"/>
        </TypePropertySingleValue>
      </PropertyType>
    </PropertyDef>
    <PropertyDef>
      <Name>TransomOffset</Name>
      <Definition>Offset of the transom (if given) which divides the door leaf from a glazing (or window) above. The offset is given from the bottom of the door opening.</Definition>
      <PropertyType>
        <TypePropertySingleValue>
          <DataType type="IfcLengthMeasure"/>
        </TypePropertySingleValue>
      </PropertyType>
    </PropertyDef>
    <PropertyDef>
      <Name>LiningOffset</Name>
      <Definition>Offset of the lining.

For a door, it is the offset (dimension in plane perpendicular to door leaf) of the door lining. The offset is given as distance to the x axis of the local placement.</Definition>
      <PropertyType>
        <TypePropertySingleValue>
          <DataType type="IfcLengthMeasure"/>
        </TypePropertySingleValue>
      </PropertyType>
    </PropertyDef>
    <PropertyDef>
      <Name>ThresholdOffset</Name>
      <Definition>Offset (dimension in plane perpendicular to door leaf) of the door threshold. The offset is given as distance to the x axis of the local placement. Only given if the door lining includes a threshold and the parameter is known.</Definition>
      <PropertyType>
        <TypePropertySingleValue>
          <DataType type="IfcLengthMeasure"/>
        </TypePropertySingleValue>
      </PropertyType>
    </PropertyDef>
    <PropertyDef>
      <Name>CasingThickness</Name>
      <Definition>Thickness of the casing.

For a door, it is the dimension in plane of the door leaf. If given it is applied equally to all four sides of the adjacent wall.</Definition>
      <PropertyType>
        <TypePropertySingleValue>
          <DataType type="IfcPositiveLengthMeasure"/>
        </TypePropertySingleValue>
      </PropertyType>
    </PropertyDef>
    <PropertyDef>
      <Name>CasingDepth</Name>
      <Definition>Depth of the casing.

For a door, it is the dimension in the plane perpendicular to door leaf. If given it is applied equally to all four sides of the adjacent wall.</Definition>
      <PropertyType>
        <TypePropertySingleValue>
          <DataType type="IfcPositiveLengthMeasure"/>
        </TypePropertySingleValue>
      </PropertyType>
    </PropertyDef>
    <PropertyDef>
      <Name>LiningToPanelOffsetX</Name>
      <Definition>Offset between the lining and the panel, measured along the x-axis of the local placement.

For a door, it is the offset between the lining and the window panel.</Definition>
      <PropertyType>
        <TypePropertySingleValue>
          <DataType type="IfcLengthMeasure"/>
        </TypePropertySingleValue>
      </PropertyType>
    </PropertyDef>
    <PropertyDef>
      <Name>LiningToPanelOffsetY</Name>
      <Definition>Offset between the lining and the panel, measured along the y-axis of the local placement.

For a door, it is the offset between the lining and the door panel.</Definition>
      <PropertyType>
        <TypePropertySingleValue>
          <DataType type="IfcLengthMeasure"/>
        </TypePropertySingleValue>
      </PropertyType>
    </PropertyDef>
  </PropertyDefs>
</PropertySetDef>
